emoji,hexcode,r,g,b,name
😀,1f600,117,140,68,grinning face
😃,1f603,116,139,68,grinning face with big eyes
😄,1f604,117,140,67,grinning face with smiling eyes
😁,1f601,117,142,70,beaming face with smiling eyes
😆,1f606,116,139,67,grinning squinting face
😅,1f605,117,139,68,grinning face with sweat
🤣,1f923,119,141,69,rolling on the floor laughing
😂,1f602,117,140,69,face with tears of joy
🙂,1f642,123,146,65,slightly smiling face
🙃,1f643,123,146,65,upside-down face
🫠,1fae0,119,142,63,melting face
😉,1f609,121,144,65,winking face
😊,1f60a,123,146,65,smiling face with smiling eyes
😇,1f607,121,146,71,smiling face with halo
🥰,1f970,135,148,71,smiling face with hearts
😍,1f60d,115,137,70,smiling face with heart-eyes
🤩,1f929,112,132,66,star-struck
😘,1f618,123,142,63,face blowing a kiss
😗,1f617,123,146,65,kissing face
☺️,263a,122,145,65,smiling face
😚,1f61a,122,145,65,kissing face with closed eyes
😙,1f619,123,146,65,kissing face with smiling eyes
🥲,1f972,121,144,66,smiling face with tear
😋,1f60b,122,143,64,face savoring food
😛,1f61b,120,142,65,face with tongue
😜,1f61c,121,142,65,winking face with tongue
🤪,1f92a,115,138,69,zany face
😝,1f61d,120,142,65,squinting face with tongue
🤑,1f911,116,140,67,money-mouth face
🤗,1f917,135,153,61,smiling face with open hands
🤭,1f92d,124,143,68,face with hand over mouth
🫢,1fae2,121,144,64,face with open eyes and hand over mouth
🫣,1fae3,116,140,67,face with peeking eye
🤫,1f92b,120,143,64,shushing face
🤔,1f914,124,145,63,thinking face
🫡,1fae1,126,148,64,saluting face
🤐,1f910,119,143,66,zipper-mouth face
🤨,1f928,122,145,65,face with raised eyebrow
😐️,1f610,124,147,65,neutral face
😑,1f611,124,147,65,expressionless face
😶,1f636,125,147,65,face without mouth
🫥,1fae5,132,155,128,dotted line face
😶‍🌫️,1f636_200d_1f32b_fe0f,118,143,101,face in clouds
😏,1f60f,122,145,65,smirking face
😒,1f612,122,145,65,unamused face
🙄,1f644,119,143,72,face with rolling eyes
😬,1f62c,119,143,69,grimacing face
😮‍💨,1f62e_200d_1f4a8,124,146,71,face exhaling
🤥,1f925,120,143,64,lying face
🫨,1fae8,122,146,65,shaking face
🙂‍↔️,1f642_200d_2194_fe0f,128,128,128,head shaking horizontally
🙂‍↕️,1f642_200d_2195_fe0f,128,128,128,head shaking vertically
😌,1f60c,121,145,65,relieved face
😔,1f614,122,145,65,pensive face
😪,1f62a,122,145,66,sleepy face
🤤,1f924,119,140,65,drooling face
😴,1f634,122,146,68,sleeping face
🫩,1fae9,128,128,128,face with bags under eyes
😷,1f637,117,141,78,face with medical mask
🤒,1f912,119,141,65,face with thermometer
🤕,1f915,116,141,82,face with head-bandage
🤢,1f922,100,136,67,nauseated face
🤮,1f92e,117,143,63,face vomiting
🤧,1f927,127,149,79,sneezing face
🥵,1f975,111,104,75,hot face
🥶,1f976,104,143,128,cold face
🥴,1f974,120,144,65,woozy face
😵,1f635,123,146,65,face with crossed-out eyes
😵‍💫,1f635_200d_1f4ab,117,141,65,face with spiral eyes
🤯,1f92f,121,145,82,exploding head
🤠,1f920,114,129,64,cowboy hat face
🥳,1f973,125,144,64,partying face
🥸,1f978,106,132,70,disguised face
😎,1f60e,109,134,66,smiling face with sunglasses
🤓,1f913,115,140,66,nerd face
🧐,1f9d0,116,140,64,face with monocle
😕,1f615,123,146,65,confused face
🫤,1fae4,123,146,65,face with diagonal mouth
😟,1f61f,122,145,65,worried face
🙁,1f641,123,146,65,slightly frowning face
☹️,2639,123,146,65,frowning face
😮,1f62e,122,145,68,face with open mouth
😯,1f62f,120,144,68,hushed face
😲,1f632,120,144,67,astonished face
😳,1f633,116,140,72,flushed face
🫪,1faea,128,128,128,distorted face
🥺,1f97a,114,139,69,pleading face
🥹,1f979,114,140,70,face holding back tears
😦,1f626,122,145,65,frowning face with open mouth
😧,1f627,121,144,66,anguished face
😨,1f628,110,141,82,fearful face
😰,1f630,121,144,65,anxious face with sweat
😥,1f625,119,143,66,sad but relieved face
😢,1f622,121,145,65,crying face
😭,1f62d,116,144,77,loudly crying face
😱,1f631,120,142,72,face screaming in fear
😖,1f616,121,145,65,confounded face
😣,1f623,120,144,67,persevering face
😞,1f61e,121,145,65,disappointed face
😓,1f613,122,145,66,downcast face with sweat
😩,1f629,118,141,64,weary face
😫,1f62b,117,142,65,tired face
🥱,1f971,119,142,64,yawning face
😤,1f624,124,145,72,face with steam from nose
😡,1f621,115,110,62,enraged face
😠,1f620,122,145,65,angry face
🤬,1f92c,105,105,76,face with symbols on mouth
😈,1f608,120,102,72,smiling face with horns
👿,1f47f,120,102,72,angry face with horns
💀,1f480,106,136,110,skull
☠️,2620,101,132,105,skull and crossbones
💩,1f4a9,83,111,74,pile of poo
🤡,1f921,116,137,114,clown face
👹,1f479,117,95,67,ogre
👺,1f47a,123,105,77,goblin
👻,1f47b,108,139,112,ghost
👽️,1f47d,100,128,103,alien
👾,1f47e,84,109,94,alien monster
🤖,1f916,102,131,105,robot
😺,1f63a,128,123,70,grinning cat
😸,1f638,132,122,65,grinning cat with smiling eyes
😹,1f639,133,124,69,cat with tears of joy
😻,1f63b,128,118,65,smiling cat with heart-eyes
😼,1f63c,130,125,69,cat with wry smile
😽,1f63d,134,125,66,kissing cat
🙀,1f640,129,126,76,weary cat
😿,1f63f,129,126,72,crying cat
😾,1f63e,131,125,69,pouting cat
🙈,1f648,91,104,66,see-no-evil monkey
🙉,1f649,91,102,65,hear-no-evil monkey
🙊,1f64a,89,102,65,speak-no-evil monkey
💌,1f48c,153,167,147,love letter
💘,1f498,117,123,105,heart with arrow
💝,1f49d,110,112,69,heart with ribbon
💖,1f496,106,111,87,sparkling heart
💗,1f497,112,117,97,growing heart
💓,1f493,118,124,105,beating heart
💞,1f49e,96,118,91,revolving hearts
💕,1f495,95,117,90,two hearts
💟,1f49f,126,139,136,heart decoration
❣️,2763,92,117,89,heart exclamation
💔,1f494,105,105,73,broken heart
❤️‍🔥,2764_fe0f_200d_1f525,97,117,70,heart on fire
❤️‍🩹,2764_fe0f_200d_1fa79,106,119,90,mending heart
❤️,2764,111,105,73,red heart
🩷,1fa77,116,124,103,pink heart
🧡,1f9e1,113,125,72,orange heart
💛,1f49b,115,141,67,yellow heart
💚,1f49a,96,133,68,green heart
💙,1f499,88,135,117,blue heart
🩵,1fa75,88,135,117,light blue heart
💜,1f49c,97,120,106,purple heart
🤎,1f90e,93,113,70,brown heart
🖤,1f5a4,68,98,71,black heart
🩶,1fa76,91,121,94,grey heart
🤍,1f90d,116,146,119,white heart
💋,1f48b,103,99,70,kiss mark
💯,1f4af,100,94,65,hundred points
💢,1f4a2,85,107,73,anger symbol
🫯,1faef,128,128,128,fight cloud
💥,1f4a5,90,123,70,collision
💫,1f4ab,95,125,69,dizzy
💦,1f4a6,84,130,110,sweat droplets
💨,1f4a8,90,142,135,dashing away
🕳️,1f573,76,107,80,hole
💬,1f4ac,125,151,128,speech balloon
👁️‍🗨️,1f441_fe0f_200d_1f5e8_fe0f,109,135,105,eye in speech bubble
🗨️,1f5e8,129,156,132,left speech bubble
🗯️,1f5ef,120,148,123,right anger bubble
💭,1f4ad,132,158,135,thought balloon
💤,1f4a4,71,112,76,ZZZ
👋,1f44b,112,138,66,waving hand
👋🏻,1f44b_1f3fb,110,134,100,waving hand: light skin tone
👋🏼,1f44b_1f3fc,104,126,89,waving hand: medium-light skin tone
👋🏽,1f44b_1f3fd,97,119,79,waving hand: medium skin tone
👋🏾,1f44b_1f3fe,91,111,70,waving hand: medium-dark skin tone
👋🏿,1f44b_1f3ff,77,100,67,waving hand: dark skin tone
🤚,1f91a,111,138,67,raised back of hand
🤚🏻,1f91a_1f3fb,109,132,99,raised back of hand: light skin tone
🤚🏼,1f91a_1f3fc,103,126,89,raised back of hand: medium-light skin tone
🤚🏽,1f91a_1f3fd,97,119,80,raised back of hand: medium skin tone
🤚🏾,1f91a_1f3fe,91,112,70,raised back of hand: medium-dark skin tone
🤚🏿,1f91a_1f3ff,77,100,68,raised back of hand: dark skin tone
🖐️,1f590,135,154,62,hand with fingers splayed
🖐🏻,1f590_1f3fb,133,147,113,hand with fingers splayed: light skin tone
🖐🏼,1f590_1f3fc,123,135,98,hand with fingers splayed: medium-light skin tone
🖐🏽,1f590_1f3fd,113,123,82,hand with fingers splayed: medium skin tone
🖐🏾,1f590_1f3fe,103,112,67,hand with fingers splayed: medium-dark skin tone
🖐🏿,1f590_1f3ff,82,94,63,hand with fingers splayed: dark skin tone
✋️,270b,110,137,66,raised hand
✋🏻,270b_1f3fb,108,132,98,raised hand: light skin tone
✋🏼,270b_1f3fc,103,125,89,raised hand: medium-light skin tone
✋🏽,270b_1f3fd,97,118,79,raised hand: medium skin tone
✋🏾,270b_1f3fe,90,111,69,raised hand: medium-dark skin tone
✋🏿,270b_1f3ff,77,99,67,raised hand: dark skin tone
🖖,1f596,132,152,63,vulcan salute
🖖🏻,1f596_1f3fb,130,145,112,vulcan salute: light skin tone
🖖🏼,1f596_1f3fc,120,134,97,vulcan salute: medium-light skin tone
🖖🏽,1f596_1f3fd,111,123,82,vulcan salute: medium skin tone
🖖🏾,1f596_1f3fe,102,113,68,vulcan salute: medium-dark skin tone
🖖🏿,1f596_1f3ff,81,95,64,vulcan salute: dark skin tone
🫱,1faf1,112,138,66,rightwards hand
🫱🏻,1faf1_1f3fb,111,134,100,rightwards hand: light skin tone
🫱🏼,1faf1_1f3fc,104,126,89,rightwards hand: medium-light skin tone
🫱🏽,1faf1_1f3fd,97,119,80,rightwards hand: medium skin tone
🫱🏾,1faf1_1f3fe,91,111,69,rightwards hand: medium-dark skin tone
🫱🏿,1faf1_1f3ff,77,99,67,rightwards hand: dark skin tone
🫲,1faf2,112,138,66,leftwards hand
🫲🏻,1faf2_1f3fb,111,134,100,leftwards hand: light skin tone
🫲🏼,1faf2_1f3fc,104,126,89,leftwards hand: medium-light skin tone
🫲🏽,1faf2_1f3fd,97,119,79,leftwards hand: medium skin tone
🫲🏾,1faf2_1f3fe,91,111,69,leftwards hand: medium-dark skin tone
🫲🏿,1faf2_1f3ff,77,99,67,leftwards hand: dark skin tone
🫳,1faf3,96,128,70,palm down hand
🫳🏻,1faf3_1f3fb,95,125,90,palm down hand: light skin tone
🫳🏼,1faf3_1f3fc,91,120,84,palm down hand: medium-light skin tone
🫳🏽,1faf3_1f3fd,87,115,78,palm down hand: medium skin tone
🫳🏾,1faf3_1f3fe,83,111,72,palm down hand: medium-dark skin tone
🫳🏿,1faf3_1f3ff,75,104,70,palm down hand: dark skin tone
🫴,1faf4,96,128,70,palm up hand
🫴🏻,1faf4_1f3fb,95,125,90,palm up hand: light skin tone
🫴🏼,1faf4_1f3fc,91,120,84,palm up hand: medium-light skin tone
🫴🏽,1faf4_1f3fd,87,115,78,palm up hand: medium skin tone
🫴🏾,1faf4_1f3fe,83,111,72,palm up hand: medium-dark skin tone
🫴🏿,1faf4_1f3ff,75,104,70,palm up hand: dark skin tone
🫷,1faf7,94,132,89,leftwards pushing hand
🫷🏻,1faf7_1f3fb,93,129,103,leftwards pushing hand: light skin tone
🫷🏼,1faf7_1f3fc,91,126,99,leftwards pushing hand: medium-light skin tone
🫷🏽,1faf7_1f3fd,88,123,94,leftwards pushing hand: medium skin tone
🫷🏾,1faf7_1f3fe,85,120,91,leftwards pushing hand: medium-dark skin tone
🫷🏿,1faf7_1f3ff,80,115,90,leftwards pushing hand: dark skin tone
🫸,1faf8,94,132,89,rightwards pushing hand
🫸🏻,1faf8_1f3fb,94,130,103,rightwards pushing hand: light skin tone
🫸🏼,1faf8_1f3fc,91,127,99,rightwards pushing hand: medium-light skin tone
🫸🏽,1faf8_1f3fd,88,123,95,rightwards pushing hand: medium skin tone
🫸🏾,1faf8_1f3fe,85,120,90,rightwards pushing hand: medium-dark skin tone
🫸🏿,1faf8_1f3ff,80,115,90,rightwards pushing hand: dark skin tone
👌,1f44c,120,142,63,OK hand
👌🏻,1f44c_1f3fb,117,134,102,OK hand: light skin tone
👌🏼,1f44c_1f3fc,109,125,90,OK hand: medium-light skin tone
👌🏽,1f44c_1f3fd,101,116,78,OK hand: medium skin tone
👌🏾,1f44c_1f3fe,94,108,66,OK hand: medium-dark skin tone
👌🏿,1f44c_1f3ff,77,94,63,OK hand: dark skin tone
🤌,1f90c,104,132,67,pinched fingers
🤌🏻,1f90c_1f3fb,102,127,94,pinched fingers: light skin tone
🤌🏼,1f90c_1f3fc,97,121,85,pinched fingers: medium-light skin tone
🤌🏽,1f90c_1f3fd,91,115,77,pinched fingers: medium skin tone
🤌🏾,1f90c_1f3fe,86,109,69,pinched fingers: medium-dark skin tone
🤌🏿,1f90c_1f3ff,75,100,67,pinched fingers: dark skin tone
🤏,1f90f,113,138,65,pinching hand
🤏🏻,1f90f_1f3fb,109,130,98,pinching hand: light skin tone
🤏🏼,1f90f_1f3fc,103,123,88,pinching hand: medium-light skin tone
🤏🏽,1f90f_1f3fd,96,116,77,pinching hand: medium skin tone
🤏🏾,1f90f_1f3fe,91,109,68,pinching hand: medium-dark skin tone
🤏🏿,1f90f_1f3ff,77,97,66,pinching hand: dark skin tone
✌️,270c,112,137,65,victory hand
✌🏻,270c_1f3fb,109,131,98,victory hand: light skin tone
✌🏼,270c_1f3fc,103,123,87,victory hand: medium-light skin tone
✌🏽,270c_1f3fd,96,116,78,victory hand: medium skin tone
✌🏾,270c_1f3fe,90,109,68,victory hand: medium-dark skin tone
✌🏿,270c_1f3ff,76,97,66,victory hand: dark skin tone
🤞,1f91e,114,139,65,crossed fingers
🤞🏻,1f91e_1f3fb,112,133,100,crossed fingers: light skin tone
🤞🏼,1f91e_1f3fc,105,126,90,crossed fingers: medium-light skin tone
🤞🏽,1f91e_1f3fd,99,118,79,crossed fingers: medium skin tone
🤞🏾,1f91e_1f3fe,92,110,68,crossed fingers: medium-dark skin tone
🤞🏿,1f91e_1f3ff,77,98,66,crossed fingers: dark skin tone
🫰,1faf0,109,137,67,hand with index finger and thumb crossed
🫰🏻,1faf0_1f3fb,108,133,99,hand with index finger and thumb crossed: light skin tone
🫰🏼,1faf0_1f3fc,102,126,89,hand with index finger and thumb crossed: medium-light skin tone
🫰🏽,1faf0_1f3fd,96,119,80,hand with index finger and thumb crossed: medium skin tone
🫰🏾,1faf0_1f3fe,90,112,70,hand with index finger and thumb crossed: medium-dark skin tone
🫰🏿,1faf0_1f3ff,77,100,68,hand with index finger and thumb crossed: dark skin tone
🤟,1f91f,121,144,65,love-you gesture
🤟🏻,1f91f_1f3fb,119,139,105,love-you gesture: light skin tone
🤟🏼,1f91f_1f3fc,111,129,93,love-you gesture: medium-light skin tone
🤟🏽,1f91f_1f3fd,103,121,81,love-you gesture: medium skin tone
🤟🏾,1f91f_1f3fe,96,112,69,love-you gesture: medium-dark skin tone
🤟🏿,1f91f_1f3ff,79,98,66,love-you gesture: dark skin tone
🤘,1f918,119,143,65,sign of the horns
🤘🏻,1f918_1f3fb,116,135,102,sign of the horns: light skin tone
🤘🏼,1f918_1f3fc,109,127,91,sign of the horns: medium-light skin tone
🤘🏽,1f918_1f3fd,102,119,80,sign of the horns: medium skin tone
🤘🏾,1f918_1f3fe,94,111,68,sign of the horns: medium-dark skin tone
🤘🏿,1f918_1f3ff,78,97,65,sign of the horns: dark skin tone
🤙,1f919,120,144,65,call me hand
🤙🏻,1f919_1f3fb,118,138,104,call me hand: light skin tone
🤙🏼,1f919_1f3fc,110,129,92,call me hand: medium-light skin tone
🤙🏽,1f919_1f3fd,103,121,81,call me hand: medium skin tone
🤙🏾,1f919_1f3fe,96,112,69,call me hand: medium-dark skin tone
🤙🏿,1f919_1f3ff,79,98,66,call me hand: dark skin tone
👈️,1f448,105,134,68,backhand index pointing left
👈🏻,1f448_1f3fb,104,130,96,backhand index pointing left: light skin tone
👈🏼,1f448_1f3fc,98,124,87,backhand index pointing left: medium-light skin tone
👈🏽,1f448_1f3fd,93,118,79,backhand index pointing left: medium skin tone
👈🏾,1f448_1f3fe,88,111,71,backhand index pointing left: medium-dark skin tone
👈🏿,1f448_1f3ff,76,102,69,backhand index pointing left: dark skin tone
👉️,1f449,106,134,68,backhand index pointing right
👉🏻,1f449_1f3fb,104,130,96,backhand index pointing right: light skin tone
👉🏼,1f449_1f3fc,99,124,87,backhand index pointing right: medium-light skin tone
👉🏽,1f449_1f3fd,94,118,79,backhand index pointing right: medium skin tone
👉🏾,1f449_1f3fe,88,111,70,backhand index pointing right: medium-dark skin tone
👉🏿,1f449_1f3ff,76,101,68,backhand index pointing right: dark skin tone
👆️,1f446,106,134,68,backhand index pointing up
👆🏻,1f446_1f3fb,105,131,96,backhand index pointing up: light skin tone
👆🏼,1f446_1f3fc,99,124,88,backhand index pointing up: medium-light skin tone
👆🏽,1f446_1f3fd,94,118,79,backhand index pointing up: medium skin tone
👆🏾,1f446_1f3fe,88,112,71,backhand index pointing up: medium-dark skin tone
👆🏿,1f446_1f3ff,76,101,69,backhand index pointing up: dark skin tone
🖕,1f595,106,134,68,middle finger
🖕🏻,1f595_1f3fb,104,130,95,middle finger: light skin tone
🖕🏼,1f595_1f3fc,99,124,87,middle finger: medium-light skin tone
🖕🏽,1f595_1f3fd,93,118,79,middle finger: medium skin tone
🖕🏾,1f595_1f3fe,88,112,71,middle finger: medium-dark skin tone
🖕🏿,1f595_1f3ff,77,102,69,middle finger: dark skin tone
👇️,1f447,106,134,68,backhand index pointing down
👇🏻,1f447_1f3fb,105,131,96,backhand index pointing down: light skin tone
👇🏼,1f447_1f3fc,99,124,88,backhand index pointing down: medium-light skin tone
👇🏽,1f447_1f3fd,94,118,79,backhand index pointing down: medium skin tone
👇🏾,1f447_1f3fe,88,112,71,backhand index pointing down: medium-dark skin tone
👇🏿,1f447_1f3ff,76,101,69,backhand index pointing down: dark skin tone
☝️,261d,112,138,66,index pointing up
☝🏻,261d_1f3fb,111,133,99,index pointing up: light skin tone
☝🏼,261d_1f3fc,104,125,89,index pointing up: medium-light skin tone
☝🏽,261d_1f3fd,98,118,79,index pointing up: medium skin tone
☝🏾,261d_1f3fe,91,110,69,index pointing up: medium-dark skin tone
☝🏿,261d_1f3ff,77,98,67,index pointing up: dark skin tone
🫵,1faf5,110,137,66,index pointing at the viewer
🫵🏻,1faf5_1f3fb,108,131,98,index pointing at the viewer: light skin tone
🫵🏼,1faf5_1f3fc,102,124,88,index pointing at the viewer: medium-light skin tone
🫵🏽,1faf5_1f3fd,96,117,78,index pointing at the viewer: medium skin tone
🫵🏾,1faf5_1f3fe,90,110,69,index pointing at the viewer: medium-dark skin tone
🫵🏿,1faf5_1f3ff,77,99,67,index pointing at the viewer: dark skin tone
👍️,1f44d,109,136,67,thumbs up
👍🏻,1f44d_1f3fb,109,132,98,thumbs up: light skin tone
👍🏼,1f44d_1f3fc,103,125,89,thumbs up: medium-light skin tone
👍🏽,1f44d_1f3fd,96,118,79,thumbs up: medium skin tone
👍🏾,1f44d_1f3fe,90,111,69,thumbs up: medium-dark skin tone
👍🏿,1f44d_1f3ff,77,99,67,thumbs up: dark skin tone
👎️,1f44e,109,137,67,thumbs down
👎🏻,1f44e_1f3fb,109,133,99,thumbs down: light skin tone
👎🏼,1f44e_1f3fc,103,125,89,thumbs down: medium-light skin tone
👎🏽,1f44e_1f3fd,97,118,79,thumbs down: medium skin tone
👎🏾,1f44e_1f3fe,90,111,69,thumbs down: medium-dark skin tone
👎🏿,1f44e_1f3ff,77,99,67,thumbs down: dark skin tone
✊️,270a,106,134,68,raised fist
✊🏻,270a_1f3fb,105,130,96,raised fist: light skin tone
✊🏼,270a_1f3fc,99,124,87,raised fist: medium-light skin tone
✊🏽,270a_1f3fd,94,117,79,raised fist: medium skin tone
✊🏾,270a_1f3fe,88,111,70,raised fist: medium-dark skin tone
✊🏿,270a_1f3ff,77,101,68,raised fist: dark skin tone
👊,1f44a,106,134,67,oncoming fist
👊🏻,1f44a_1f3fb,105,130,96,oncoming fist: light skin tone
👊🏼,1f44a_1f3fc,99,124,87,oncoming fist: medium-light skin tone
👊🏽,1f44a_1f3fd,94,117,79,oncoming fist: medium skin tone
👊🏾,1f44a_1f3fe,88,111,70,oncoming fist: medium-dark skin tone
👊🏿,1f44a_1f3ff,76,100,68,oncoming fist: dark skin tone
🤛,1f91b,128,150,64,left-facing fist
🤛🏻,1f91b_1f3fb,126,144,110,left-facing fist: light skin tone
🤛🏼,1f91b_1f3fc,117,133,96,left-facing fist: medium-light skin tone
🤛🏽,1f91b_1f3fd,108,123,82,left-facing fist: medium skin tone
🤛🏾,1f91b_1f3fe,100,113,69,left-facing fist: medium-dark skin tone
🤛🏿,1f91b_1f3ff,81,97,65,left-facing fist: dark skin tone
🤜,1f91c,128,150,64,right-facing fist
🤜🏻,1f91c_1f3fb,127,144,110,right-facing fist: light skin tone
🤜🏼,1f91c_1f3fc,118,134,96,right-facing fist: medium-light skin tone
🤜🏽,1f91c_1f3fd,109,123,82,right-facing fist: medium skin tone
🤜🏾,1f91c_1f3fe,100,113,68,right-facing fist: medium-dark skin tone
🤜🏿,1f91c_1f3ff,81,97,65,right-facing fist: dark skin tone
👏,1f44f,126,146,62,clapping hands
👏🏻,1f44f_1f3fb,122,138,106,clapping hands: light skin tone
👏🏼,1f44f_1f3fc,114,128,92,clapping hands: medium-light skin tone
👏🏽,1f44f_1f3fd,105,119,79,clapping hands: medium skin tone
👏🏾,1f44f_1f3fe,97,110,66,clapping hands: medium-dark skin tone
👏🏿,1f44f_1f3ff,79,94,63,clapping hands: dark skin tone
🙌,1f64c,154,166,57,raising hands
🙌🏻,1f64c_1f3fb,149,154,122,raising hands: light skin tone
🙌🏼,1f64c_1f3fc,137,140,103,raising hands: medium-light skin tone
🙌🏽,1f64c_1f3fd,125,127,84,raising hands: medium skin tone
🙌🏾,1f64c_1f3fe,112,111,63,raising hands: medium-dark skin tone
🙌🏿,1f64c_1f3ff,85,88,59,raising hands: dark skin tone
🫶,1faf6,92,125,70,heart hands
🫶🏻,1faf6_1f3fb,91,122,87,heart hands: light skin tone
🫶🏼,1faf6_1f3fc,87,118,82,heart hands: medium-light skin tone
🫶🏽,1faf6_1f3fd,84,114,77,heart hands: medium skin tone
🫶🏾,1faf6_1f3fe,81,111,72,heart hands: medium-dark skin tone
🫶🏿,1faf6_1f3ff,74,105,71,heart hands: dark skin tone
👐,1f450,108,136,67,open hands
👐🏻,1f450_1f3fb,105,129,95,open hands: light skin tone
👐🏼,1f450_1f3fc,100,123,87,open hands: medium-light skin tone
👐🏽,1f450_1f3fd,94,116,78,open hands: medium skin tone
👐🏾,1f450_1f3fe,89,110,69,open hands: medium-dark skin tone
👐🏿,1f450_1f3ff,76,100,67,open hands: dark skin tone
🤲,1f932,113,144,86,palms up together
🤲🏻,1f932_1f3fb,110,138,112,palms up together: light skin tone
🤲🏼,1f932_1f3fc,105,132,104,palms up together: medium-light skin tone
🤲🏽,1f932_1f3fd,101,127,97,palms up together: medium skin tone
🤲🏾,1f932_1f3fe,96,121,89,palms up together: medium-dark skin tone
🤲🏿,1f932_1f3ff,84,111,87,palms up together: dark skin tone
🤝,1f91d,142,158,60,handshake
🤝🏻,1f91d_1f3fb,139,149,117,handshake: light skin tone
🤝🏼,1f91d_1f3fc,128,137,100,handshake: medium-light skin tone
🤝🏽,1f91d_1f3fd,117,124,83,handshake: medium skin tone
🤝🏾,1f91d_1f3fe,106,111,65,handshake: medium-dark skin tone
🤝🏿,1f91d_1f3ff,83,91,61,handshake: dark skin tone
🫱🏻‍🫲🏼,1faf1_1f3fb_200d_1faf2_1f3fc,135,145,110,"handshake: light skin tone, medium-light skin tone"
🫱🏻‍🫲🏽,1faf1_1f3fb_200d_1faf2_1f3fd,131,140,104,"handshake: light skin tone, medium skin tone"
🫱🏻‍🫲🏾,1faf1_1f3fb_200d_1faf2_1f3fe,127,136,98,"handshake: light skin tone, medium-dark skin tone"
🫱🏻‍🫲🏿,1faf1_1f3fb_200d_1faf2_1f3ff,118,128,97,"handshake: light skin tone, dark skin tone"
🫱🏼‍🫲🏻,1faf1_1f3fc_200d_1faf2_1f3fb,132,141,106,"handshake: medium-light skin tone, light skin tone"
🫱🏼‍🫲🏽,1faf1_1f3fc_200d_1faf2_1f3fd,124,132,93,"handshake: medium-light skin tone, medium skin tone"
🫱🏼‍🫲🏾,1faf1_1f3fc_200d_1faf2_1f3fe,120,127,87,"handshake: medium-light skin tone, medium-dark skin tone"
🫱🏼‍🫲🏿,1faf1_1f3fc_200d_1faf2_1f3ff,111,120,85,"handshake: medium-light skin tone, dark skin tone"
🫱🏽‍🫲🏻,1faf1_1f3fd_200d_1faf2_1f3fb,125,133,95,"handshake: medium skin tone, light skin tone"
🫱🏽‍🫲🏼,1faf1_1f3fd_200d_1faf2_1f3fc,121,129,89,"handshake: medium skin tone, medium-light skin tone"
🫱🏽‍🫲🏾,1faf1_1f3fd_200d_1faf2_1f3fe,113,119,76,"handshake: medium skin tone, medium-dark skin tone"
🫱🏽‍🫲🏿,1faf1_1f3fd_200d_1faf2_1f3ff,104,112,75,"handshake: medium skin tone, dark skin tone"
🫱🏾‍🫲🏻,1faf1_1f3fe_200d_1faf2_1f3fb,118,126,85,"handshake: medium-dark skin tone, light skin tone"
🫱🏾‍🫲🏼,1faf1_1f3fe_200d_1faf2_1f3fc,114,121,78,"handshake: medium-dark skin tone, medium-light skin tone"
🫱🏾‍🫲🏽,1faf1_1f3fe_200d_1faf2_1f3fd,110,116,72,"handshake: medium-dark skin tone, medium skin tone"
🫱🏾‍🫲🏿,1faf1_1f3fe_200d_1faf2_1f3ff,98,104,64,"handshake: medium-dark skin tone, dark skin tone"
🫱🏿‍🫲🏻,1faf1_1f3ff_200d_1faf2_1f3fb,104,113,82,"handshake: dark skin tone, light skin tone"
🫱🏿‍🫲🏼,1faf1_1f3ff_200d_1faf2_1f3fc,100,108,76,"handshake: dark skin tone, medium-light skin tone"
🫱🏿‍🫲🏽,1faf1_1f3ff_200d_1faf2_1f3fd,95,103,69,"handshake: dark skin tone, medium skin tone"
🫱🏿‍🫲🏾,1faf1_1f3ff_200d_1faf2_1f3fe,91,99,63,"handshake: dark skin tone, medium-dark skin tone"
🙏,1f64f,111,143,86,folded hands
🙏🏻,1f64f_1f3fb,109,137,111,folded hands: light skin tone
🙏🏼,1f64f_1f3fc,104,132,103,folded hands: medium-light skin tone
🙏🏽,1f64f_1f3fd,100,127,96,folded hands: medium skin tone
🙏🏾,1f64f_1f3fe,95,121,88,folded hands: medium-dark skin tone
🙏🏿,1f64f_1f3ff,84,111,86,folded hands: dark skin tone
✍️,270d,110,135,65,writing hand
✍🏻,270d_1f3fb,109,130,98,writing hand: light skin tone
✍🏼,270d_1f3fc,102,123,88,writing hand: medium-light skin tone
✍🏽,270d_1f3fd,96,116,78,writing hand: medium skin tone
✍🏾,270d_1f3fe,90,109,68,writing hand: medium-dark skin tone
✍🏿,270d_1f3ff,76,97,66,writing hand: dark skin tone
💅,1f485,82,115,73,nail polish
💅🏻,1f485_1f3fb,82,114,79,nail polish: light skin tone
💅🏼,1f485_1f3fc,81,113,77,nail polish: medium-light skin tone
💅🏽,1f485_1f3fd,79,111,75,nail polish: medium skin tone
💅🏾,1f485_1f3fe,78,110,73,nail polish: medium-dark skin tone
💅🏿,1f485_1f3ff,75,108,73,nail polish: dark skin tone
🤳,1f933,96,124,100,selfie
🤳🏻,1f933_1f3fb,96,123,105,selfie: light skin tone
🤳🏼,1f933_1f3fc,95,122,103,selfie: medium-light skin tone
🤳🏽,1f933_1f3fd,94,121,102,selfie: medium skin tone
🤳🏾,1f933_1f3fe,93,120,100,selfie: medium-dark skin tone
🤳🏿,1f933_1f3ff,91,118,100,selfie: dark skin tone
💪,1f4aa,126,144,62,flexed biceps
💪🏻,1f4aa_1f3fb,122,138,104,flexed biceps: light skin tone
💪🏼,1f4aa_1f3fc,113,128,91,flexed biceps: medium-light skin tone
💪🏽,1f4aa_1f3fd,105,118,77,flexed biceps: medium skin tone
💪🏾,1f4aa_1f3fe,94,107,66,flexed biceps: medium-dark skin tone
💪🏿,1f4aa_1f3ff,76,93,63,flexed biceps: dark skin tone
🦾,1f9be,83,119,88,mechanical arm
🦿,1f9bf,76,115,81,mechanical leg
🦵,1f9b5,93,125,69,leg
🦵🏻,1f9b5_1f3fb,92,121,87,leg: light skin tone
🦵🏼,1f9b5_1f3fc,88,117,82,leg: medium-light skin tone
🦵🏽,1f9b5_1f3fd,84,113,76,leg: medium skin tone
🦵🏾,1f9b5_1f3fe,81,109,71,leg: medium-dark skin tone
🦵🏿,1f9b5_1f3ff,73,103,69,leg: dark skin tone
🦶,1f9b6,96,127,70,foot
🦶🏻,1f9b6_1f3fb,95,125,89,foot: light skin tone
🦶🏼,1f9b6_1f3fc,91,120,83,foot: medium-light skin tone
🦶🏽,1f9b6_1f3fd,87,115,77,foot: medium skin tone
🦶🏾,1f9b6_1f3fe,82,110,72,foot: medium-dark skin tone
🦶🏿,1f9b6_1f3ff,74,104,70,foot: dark skin tone
👂️,1f442,102,130,68,ear
👂🏻,1f442_1f3fb,100,127,92,ear: light skin tone
👂🏼,1f442_1f3fc,95,121,84,ear: medium-light skin tone
👂🏽,1f442_1f3fd,90,115,77,ear: medium skin tone
👂🏾,1f442_1f3fe,84,109,70,ear: medium-dark skin tone
👂🏿,1f442_1f3ff,74,101,68,ear: dark skin tone
🦻,1f9bb,102,130,70,ear with hearing aid
🦻🏻,1f9bb_1f3fb,100,126,93,ear with hearing aid: light skin tone
🦻🏼,1f9bb_1f3fc,95,121,85,ear with hearing aid: medium-light skin tone
🦻🏽,1f9bb_1f3fd,91,115,78,ear with hearing aid: medium skin tone
🦻🏾,1f9bb_1f3fe,85,110,72,ear with hearing aid: medium-dark skin tone
🦻🏿,1f9bb_1f3ff,76,102,70,ear with hearing aid: dark skin tone
👃,1f443,101,131,69,nose
👃🏻,1f443_1f3fb,100,128,93,nose: light skin tone
👃🏼,1f443_1f3fc,95,122,86,nose: medium-light skin tone
👃🏽,1f443_1f3fd,91,117,79,nose: medium skin tone
👃🏾,1f443_1f3fe,86,112,71,nose: medium-dark skin tone
👃🏿,1f443_1f3ff,76,103,70,nose: dark skin tone
🧠,1f9e0,113,122,101,brain
🫀,1fac0,88,102,70,anatomical heart
🫁,1fac1,89,107,74,lungs
🦷,1f9b7,116,145,120,tooth
🦴,1f9b4,91,126,95,bone
👀,1f440,134,156,133,eyes
👁️,1f441,126,147,120,eye
👅,1f445,118,103,73,tongue
👄,1f444,100,107,75,mouth
🫦,1fae6,98,99,71,biting lip
👶,1f476,102,139,96,baby
👶🏻,1f476_1f3fb,101,136,113,baby: light skin tone
👶🏼,1f476_1f3fc,97,132,108,baby: medium-light skin tone
👶🏽,1f476_1f3fd,94,128,102,baby: medium skin tone
👶🏾,1f476_1f3fe,90,124,97,baby: medium-dark skin tone
👶🏿,1f476_1f3ff,83,118,96,baby: dark skin tone
🧒,1f9d2,93,128,83,child
🧒🏻,1f9d2_1f3fb,89,123,92,child: light skin tone
🧒🏼,1f9d2_1f3fc,91,126,89,child: medium-light skin tone
🧒🏽,1f9d2_1f3fd,84,117,86,child: medium skin tone
🧒🏾,1f9d2_1f3fe,82,118,86,child: medium-dark skin tone
🧒🏿,1f9d2_1f3ff,78,115,85,child: dark skin tone
👦,1f466,93,127,83,boy
👦🏻,1f466_1f3fb,89,123,92,boy: light skin tone
👦🏼,1f466_1f3fc,91,126,89,boy: medium-light skin tone
👦🏽,1f466_1f3fd,83,117,86,boy: medium skin tone
👦🏾,1f466_1f3fe,81,118,86,boy: medium-dark skin tone
👦🏿,1f466_1f3ff,78,115,86,boy: dark skin tone
👧,1f467,104,131,79,girl
👧🏻,1f467_1f3fb,95,123,90,girl: light skin tone
👧🏼,1f467_1f3fc,103,134,86,girl: medium-light skin tone
👧🏽,1f467_1f3fd,85,113,84,girl: medium skin tone
👧🏾,1f467_1f3fe,82,119,87,girl: medium-dark skin tone
👧🏿,1f467_1f3ff,78,115,86,girl: dark skin tone
🧑,1f9d1,94,128,83,person
🧑🏻,1f9d1_1f3fb,90,124,93,person: light skin tone
🧑🏼,1f9d1_1f3fc,92,126,90,person: medium-light skin tone
🧑🏽,1f9d1_1f3fd,84,118,87,person: medium skin tone
🧑🏾,1f9d1_1f3fe,82,118,86,person: medium-dark skin tone
🧑🏿,1f9d1_1f3ff,78,115,86,person: dark skin tone
👱,1f471,94,130,83,person: blond hair
👱🏻,1f471_1f3fb,94,129,93,"person: light skin tone, blond hair"
👱🏼,1f471_1f3fc,92,126,90,"person: medium-light skin tone, blond hair"
👱🏽,1f471_1f3fd,90,124,87,"person: medium skin tone, blond hair"
👱🏾,1f471_1f3fe,88,122,84,"person: medium-dark skin tone, blond hair"
👱🏿,1f471_1f3ff,84,119,84,"person: dark skin tone, blond hair"
👨,1f468,93,128,83,man
👨🏻,1f468_1f3fb,90,124,93,man: light skin tone
👨🏼,1f468_1f3fc,91,126,90,man: medium-light skin tone
👨🏽,1f468_1f3fd,84,118,87,man: medium skin tone
👨🏾,1f468_1f3fe,82,119,86,man: medium-dark skin tone
👨🏿,1f468_1f3ff,78,115,86,man: dark skin tone
🧔,1f9d4,93,126,83,person: beard
🧔🏻,1f9d4_1f3fb,87,121,89,"person: light skin tone, beard"
🧔🏼,1f9d4_1f3fc,92,127,87,"person: medium-light skin tone, beard"
🧔🏽,1f9d4_1f3fd,81,115,86,"person: medium skin tone, beard"
🧔🏾,1f9d4_1f3fe,79,119,88,"person: medium-dark skin tone, beard"
🧔🏿,1f9d4_1f3ff,77,117,87,"person: dark skin tone, beard"
🧔‍♂️,1f9d4_200d_2642_fe0f,90,125,84,man: beard
🧔🏻‍♂️,1f9d4_1f3fb_200d_2642_fe0f,86,121,90,"man: light skin tone, beard"
🧔🏼‍♂️,1f9d4_1f3fc_200d_2642_fe0f,89,125,88,"man: medium-light skin tone, beard"
🧔🏽‍♂️,1f9d4_1f3fd_200d_2642_fe0f,81,116,86,"man: medium skin tone, beard"
🧔🏾‍♂️,1f9d4_1f3fe_200d_2642_fe0f,80,118,87,"man: medium-dark skin tone, beard"
🧔🏿‍♂️,1f9d4_1f3ff_200d_2642_fe0f,77,116,87,"man: dark skin tone, beard"
🧔‍♀️,1f9d4_200d_2640_fe0f,104,130,79,woman: beard
🧔🏻‍♀️,1f9d4_1f3fb_200d_2640_fe0f,93,120,87,"woman: light skin tone, beard"
🧔🏼‍♀️,1f9d4_1f3fc_200d_2640_fe0f,104,135,84,"woman: medium-light skin tone, beard"
🧔🏽‍♀️,1f9d4_1f3fd_200d_2640_fe0f,83,111,83,"woman: medium skin tone, beard"
🧔🏾‍♀️,1f9d4_1f3fe_200d_2640_fe0f,80,119,89,"woman: medium-dark skin tone, beard"
🧔🏿‍♀️,1f9d4_1f3ff_200d_2640_fe0f,78,117,89,"woman: dark skin tone, beard"
👨‍🦰,1f468_200d_1f9b0,93,125,83,man: red hair
👨🏻‍🦰,1f468_1f3fb_200d_1f9b0,92,124,93,"man: light skin tone, red hair"
👨🏼‍🦰,1f468_1f3fc_200d_1f9b0,90,122,90,"man: medium-light skin tone, red hair"
👨🏽‍🦰,1f468_1f3fd_200d_1f9b0,89,120,87,"man: medium skin tone, red hair"
👨🏾‍🦰,1f468_1f3fe_200d_1f9b0,87,118,84,"man: medium-dark skin tone, red hair"
👨🏿‍🦰,1f468_1f3ff_200d_1f9b0,83,114,84,"man: dark skin tone, red hair"
👨‍🦱,1f468_200d_1f9b1,96,128,84,man: curly hair
👨🏻‍🦱,1f468_1f3fb_200d_1f9b1,91,123,92,"man: light skin tone, curly hair"
👨🏼‍🦱,1f468_1f3fc_200d_1f9b1,95,128,89,"man: medium-light skin tone, curly hair"
👨🏽‍🦱,1f468_1f3fd_200d_1f9b1,84,117,86,"man: medium skin tone, curly hair"
👨🏾‍🦱,1f468_1f3fe_200d_1f9b1,82,119,87,"man: medium-dark skin tone, curly hair"
👨🏿‍🦱,1f468_1f3ff_200d_1f9b1,78,116,87,"man: dark skin tone, curly hair"
👨‍🦳,1f468_200d_1f9b3,92,128,89,man: white hair
👨🏻‍🦳,1f468_1f3fb_200d_1f9b3,91,127,98,"man: light skin tone, white hair"
👨🏼‍🦳,1f468_1f3fc_200d_1f9b3,90,125,95,"man: medium-light skin tone, white hair"
👨🏽‍🦳,1f468_1f3fd_200d_1f9b3,88,123,93,"man: medium skin tone, white hair"
👨🏾‍🦳,1f468_1f3fe_200d_1f9b3,86,121,90,"man: medium-dark skin tone, white hair"
👨🏿‍🦳,1f468_1f3ff_200d_1f9b3,82,117,89,"man: dark skin tone, white hair"
👨‍🦲,1f468_200d_1f9b2,89,127,85,man: bald
👨🏻‍🦲,1f468_1f3fb_200d_1f9b2,88,125,95,"man: light skin tone, bald"
👨🏼‍🦲,1f468_1f3fc_200d_1f9b2,86,123,92,"man: medium-light skin tone, bald"
👨🏽‍🦲,1f468_1f3fd_200d_1f9b2,84,120,89,"man: medium skin tone, bald"
👨🏾‍🦲,1f468_1f3fe_200d_1f9b2,82,118,86,"man: medium-dark skin tone, bald"
👨🏿‍🦲,1f468_1f3ff_200d_1f9b2,78,114,85,"man: dark skin tone, bald"
👩,1f469,106,132,79,woman
👩🏻,1f469_1f3fb,96,123,90,woman: light skin tone
👩🏼,1f469_1f3fc,105,135,86,woman: medium-light skin tone
👩🏽,1f469_1f3fd,86,114,84,woman: medium skin tone
👩🏾,1f469_1f3fe,83,119,88,woman: medium-dark skin tone
👩🏿,1f469_1f3ff,79,116,87,woman: dark skin tone
👩‍🦰,1f469_200d_1f9b0,104,124,80,woman: red hair
👩🏻‍🦰,1f469_1f3fb_200d_1f9b0,104,123,88,"woman: light skin tone, red hair"
👩🏼‍🦰,1f469_1f3fc_200d_1f9b0,102,121,85,"woman: medium-light skin tone, red hair"
👩🏽‍🦰,1f469_1f3fd_200d_1f9b0,101,119,83,"woman: medium skin tone, red hair"
👩🏾‍🦰,1f469_1f3fe_200d_1f9b0,99,117,80,"woman: medium-dark skin tone, red hair"
👩🏿‍🦰,1f469_1f3ff_200d_1f9b0,96,114,80,"woman: dark skin tone, red hair"
🧑‍🦰,1f9d1_200d_1f9b0,93,125,83,person: red hair
🧑🏻‍🦰,1f9d1_1f3fb_200d_1f9b0,93,124,92,"person: light skin tone, red hair"
🧑🏼‍🦰,1f9d1_1f3fc_200d_1f9b0,91,122,89,"person: medium-light skin tone, red hair"
🧑🏽‍🦰,1f9d1_1f3fd_200d_1f9b0,89,120,87,"person: medium skin tone, red hair"
🧑🏾‍🦰,1f9d1_1f3fe_200d_1f9b0,87,118,84,"person: medium-dark skin tone, red hair"
🧑🏿‍🦰,1f9d1_1f3ff_200d_1f9b0,83,114,83,"person: dark skin tone, red hair"
👩‍🦱,1f469_200d_1f9b1,105,130,83,woman: curly hair
👩🏻‍🦱,1f469_1f3fb_200d_1f9b1,96,123,90,"woman: light skin tone, curly hair"
👩🏼‍🦱,1f469_1f3fc_200d_1f9b1,104,134,86,"woman: medium-light skin tone, curly hair"
👩🏽‍🦱,1f469_1f3fd_200d_1f9b1,85,113,84,"woman: medium skin tone, curly hair"
👩🏾‍🦱,1f469_1f3fe_200d_1f9b1,83,119,88,"woman: medium-dark skin tone, curly hair"
👩🏿‍🦱,1f469_1f3ff_200d_1f9b1,79,116,87,"woman: dark skin tone, curly hair"
🧑‍🦱,1f9d1_200d_1f9b1,96,128,84,person: curly hair
🧑🏻‍🦱,1f9d1_1f3fb_200d_1f9b1,91,123,92,"person: light skin tone, curly hair"
🧑🏼‍🦱,1f9d1_1f3fc_200d_1f9b1,95,128,89,"person: medium-light skin tone, curly hair"
🧑🏽‍🦱,1f9d1_1f3fd_200d_1f9b1,84,117,86,"person: medium skin tone, curly hair"
🧑🏾‍🦱,1f9d1_1f3fe_200d_1f9b1,82,119,87,"person: medium-dark skin tone, curly hair"
🧑🏿‍🦱,1f9d1_1f3ff_200d_1f9b1,78,116,87,"person: dark skin tone, curly hair"
👩‍🦳,1f469_200d_1f9b3,101,134,100,woman: white hair
👩🏻‍🦳,1f469_1f3fb_200d_1f9b3,101,133,108,"woman: light skin tone, white hair"
👩🏼‍🦳,1f469_1f3fc_200d_1f9b3,99,131,105,"woman: medium-light skin tone, white hair"
👩🏽‍🦳,1f469_1f3fd_200d_1f9b3,97,129,103,"woman: medium skin tone, white hair"
👩🏾‍🦳,1f469_1f3fe_200d_1f9b3,96,127,100,"woman: medium-dark skin tone, white hair"
👩🏿‍🦳,1f469_1f3ff_200d_1f9b3,92,124,100,"woman: dark skin tone, white hair"
🧑‍🦳,1f9d1_200d_1f9b3,92,128,89,person: white hair
🧑🏻‍🦳,1f9d1_1f3fb_200d_1f9b3,92,127,99,"person: light skin tone, white hair"
🧑🏼‍🦳,1f9d1_1f3fc_200d_1f9b3,90,125,96,"person: medium-light skin tone, white hair"
🧑🏽‍🦳,1f9d1_1f3fd_200d_1f9b3,88,123,93,"person: medium skin tone, white hair"
🧑🏾‍🦳,1f9d1_1f3fe_200d_1f9b3,86,121,90,"person: medium-dark skin tone, white hair"
🧑🏿‍🦳,1f9d1_1f3ff_200d_1f9b3,82,117,90,"person: dark skin tone, white hair"
👩‍🦲,1f469_200d_1f9b2,89,127,85,woman: bald
👩🏻‍🦲,1f469_1f3fb_200d_1f9b2,88,125,95,"woman: light skin tone, bald"
👩🏼‍🦲,1f469_1f3fc_200d_1f9b2,86,123,92,"woman: medium-light skin tone, bald"
👩🏽‍🦲,1f469_1f3fd_200d_1f9b2,84,120,89,"woman: medium skin tone, bald"
👩🏾‍🦲,1f469_1f3fe_200d_1f9b2,82,118,86,"woman: medium-dark skin tone, bald"
👩🏿‍🦲,1f469_1f3ff_200d_1f9b2,78,114,85,"woman: dark skin tone, bald"
🧑‍🦲,1f9d1_200d_1f9b2,89,127,85,person: bald
🧑🏻‍🦲,1f9d1_1f3fb_200d_1f9b2,88,125,95,"person: light skin tone, bald"
🧑🏼‍🦲,1f9d1_1f3fc_200d_1f9b2,86,123,92,"person: medium-light skin tone, bald"
🧑🏽‍🦲,1f9d1_1f3fd_200d_1f9b2,84,120,89,"person: medium skin tone, bald"
🧑🏾‍🦲,1f9d1_1f3fe_200d_1f9b2,82,118,86,"person: medium-dark skin tone, bald"
🧑🏿‍🦲,1f9d1_1f3ff_200d_1f9b2,78,114,85,"person: dark skin tone, bald"
👱‍♀️,1f471_200d_2640_fe0f,107,139,81,woman: blond hair
👱🏻‍♀️,1f471_1f3fb_200d_2640_fe0f,107,137,89,"woman: light skin tone, blond hair"
👱🏼‍♀️,1f471_1f3fc_200d_2640_fe0f,105,135,86,"woman: medium-light skin tone, blond hair"
👱🏽‍♀️,1f471_1f3fd_200d_2640_fe0f,104,133,84,"woman: medium skin tone, blond hair"
👱🏾‍♀️,1f471_1f3fe_200d_2640_fe0f,102,132,81,"woman: medium-dark skin tone, blond hair"
👱🏿‍♀️,1f471_1f3ff_200d_2640_fe0f,99,129,81,"woman: dark skin tone, blond hair"
👱‍♂️,1f471_200d_2642_fe0f,94,130,84,man: blond hair
👱🏻‍♂️,1f471_1f3fb_200d_2642_fe0f,93,128,93,"man: light skin tone, blond hair"
👱🏼‍♂️,1f471_1f3fc_200d_2642_fe0f,91,126,90,"man: medium-light skin tone, blond hair"
👱🏽‍♂️,1f471_1f3fd_200d_2642_fe0f,89,124,87,"man: medium skin tone, blond hair"
👱🏾‍♂️,1f471_1f3fe_200d_2642_fe0f,88,122,84,"man: medium-dark skin tone, blond hair"
👱🏿‍♂️,1f471_1f3ff_200d_2642_fe0f,84,118,84,"man: dark skin tone, blond hair"
🧓,1f9d3,93,129,88,older person
🧓🏻,1f9d3_1f3fb,93,127,99,older person: light skin tone
🧓🏼,1f9d3_1f3fc,91,125,96,older person: medium-light skin tone
🧓🏽,1f9d3_1f3fd,88,122,92,older person: medium skin tone
🧓🏾,1f9d3_1f3fe,86,120,89,older person: medium-dark skin tone
🧓🏿,1f9d3_1f3ff,82,116,88,older person: dark skin tone
👴,1f474,88,125,85,old man
👴🏻,1f474_1f3fb,88,123,95,old man: light skin tone
👴🏼,1f474_1f3fc,86,121,92,old man: medium-light skin tone
👴🏽,1f474_1f3fd,84,119,89,old man: medium skin tone
👴🏾,1f474_1f3fe,82,117,86,old man: medium-dark skin tone
👴🏿,1f474_1f3ff,78,114,86,old man: dark skin tone
👵,1f475,93,129,90,old woman
👵🏻,1f475_1f3fb,93,127,100,old woman: light skin tone
👵🏼,1f475_1f3fc,91,125,96,old woman: medium-light skin tone
👵🏽,1f475_1f3fd,89,123,93,old woman: medium skin tone
👵🏾,1f475_1f3fe,87,121,90,old woman: medium-dark skin tone
👵🏿,1f475_1f3ff,83,117,90,old woman: dark skin tone
🙍,1f64d,94,128,83,person frowning
🙍🏻,1f64d_1f3fb,90,124,92,person frowning: light skin tone
🙍🏼,1f64d_1f3fc,93,127,89,person frowning: medium-light skin tone
🙍🏽,1f64d_1f3fd,84,117,87,person frowning: medium skin tone
🙍🏾,1f64d_1f3fe,82,119,87,person frowning: medium-dark skin tone
🙍🏿,1f64d_1f3ff,78,115,86,person frowning: dark skin tone
🙍‍♂️,1f64d_200d_2642_fe0f,94,128,83,man frowning
🙍🏻‍♂️,1f64d_1f3fb_200d_2642_fe0f,91,125,94,man frowning: light skin tone
🙍🏼‍♂️,1f64d_1f3fc_200d_2642_fe0f,92,126,90,man frowning: medium-light skin tone
🙍🏽‍♂️,1f64d_1f3fd_200d_2642_fe0f,85,118,88,man frowning: medium skin tone
🙍🏾‍♂️,1f64d_1f3fe_200d_2642_fe0f,82,119,86,man frowning: medium-dark skin tone
🙍🏿‍♂️,1f64d_1f3ff_200d_2642_fe0f,78,115,86,man frowning: dark skin tone
🙍‍♀️,1f64d_200d_2640_fe0f,107,133,79,woman frowning
🙍🏻‍♀️,1f64d_1f3fb_200d_2640_fe0f,97,124,91,woman frowning: light skin tone
🙍🏼‍♀️,1f64d_1f3fc_200d_2640_fe0f,106,136,86,woman frowning: medium-light skin tone
🙍🏽‍♀️,1f64d_1f3fd_200d_2640_fe0f,86,114,84,woman frowning: medium skin tone
🙍🏾‍♀️,1f64d_1f3fe_200d_2640_fe0f,83,119,88,woman frowning: medium-dark skin tone
🙍🏿‍♀️,1f64d_1f3ff_200d_2640_fe0f,79,116,87,woman frowning: dark skin tone
🙎,1f64e,94,128,83,person pouting
🙎🏻,1f64e_1f3fb,90,124,93,person pouting: light skin tone
🙎🏼,1f64e_1f3fc,92,126,90,person pouting: medium-light skin tone
🙎🏽,1f64e_1f3fd,84,118,87,person pouting: medium skin tone
🙎🏾,1f64e_1f3fe,82,118,86,person pouting: medium-dark skin tone
🙎🏿,1f64e_1f3ff,78,115,86,person pouting: dark skin tone
🙎‍♂️,1f64e_200d_2642_fe0f,93,128,83,man pouting
🙎🏻‍♂️,1f64e_1f3fb_200d_2642_fe0f,90,124,94,man pouting: light skin tone
🙎🏼‍♂️,1f64e_1f3fc_200d_2642_fe0f,91,126,90,man pouting: medium-light skin tone
🙎🏽‍♂️,1f64e_1f3fd_200d_2642_fe0f,84,118,87,man pouting: medium skin tone
🙎🏾‍♂️,1f64e_1f3fe_200d_2642_fe0f,82,119,86,man pouting: medium-dark skin tone
🙎🏿‍♂️,1f64e_1f3ff_200d_2642_fe0f,78,115,86,man pouting: dark skin tone
🙎‍♀️,1f64e_200d_2640_fe0f,106,132,79,woman pouting
🙎🏻‍♀️,1f64e_1f3fb_200d_2640_fe0f,96,123,90,woman pouting: light skin tone
🙎🏼‍♀️,1f64e_1f3fc_200d_2640_fe0f,105,135,86,woman pouting: medium-light skin tone
🙎🏽‍♀️,1f64e_1f3fd_200d_2640_fe0f,86,113,84,woman pouting: medium skin tone
🙎🏾‍♀️,1f64e_1f3fe_200d_2640_fe0f,83,119,88,woman pouting: medium-dark skin tone
🙎🏿‍♀️,1f64e_1f3ff_200d_2640_fe0f,79,116,87,woman pouting: dark skin tone
🙅,1f645,98,128,75,person gesturing NO
🙅🏻,1f645_1f3fb,94,123,90,person gesturing NO: light skin tone
🙅🏼,1f645_1f3fc,94,124,85,person gesturing NO: medium-light skin tone
🙅🏽,1f645_1f3fd,85,114,81,person gesturing NO: medium skin tone
🙅🏾,1f645_1f3fe,82,113,78,person gesturing NO: medium-dark skin tone
🙅🏿,1f645_1f3ff,76,108,77,person gesturing NO: dark skin tone
🙅‍♂️,1f645_200d_2642_fe0f,98,128,75,man gesturing NO
🙅🏻‍♂️,1f645_1f3fb_200d_2642_fe0f,94,123,91,man gesturing NO: light skin tone
🙅🏼‍♂️,1f645_1f3fc_200d_2642_fe0f,94,124,85,man gesturing NO: medium-light skin tone
🙅🏽‍♂️,1f645_1f3fd_200d_2642_fe0f,86,114,81,man gesturing NO: medium skin tone
🙅🏾‍♂️,1f645_1f3fe_200d_2642_fe0f,82,113,78,man gesturing NO: medium-dark skin tone
🙅🏿‍♂️,1f645_1f3ff_200d_2642_fe0f,76,108,77,man gesturing NO: dark skin tone
🙅‍♀️,1f645_200d_2640_fe0f,105,130,72,woman gesturing NO
🙅🏻‍♀️,1f645_1f3fb_200d_2640_fe0f,97,122,88,woman gesturing NO: light skin tone
🙅🏼‍♀️,1f645_1f3fc_200d_2640_fe0f,102,129,83,woman gesturing NO: medium-light skin tone
🙅🏽‍♀️,1f645_1f3fd_200d_2640_fe0f,86,111,79,woman gesturing NO: medium skin tone
🙅🏾‍♀️,1f645_1f3fe_200d_2640_fe0f,83,114,78,woman gesturing NO: medium-dark skin tone
🙅🏿‍♀️,1f645_1f3ff_200d_2640_fe0f,76,108,78,woman gesturing NO: dark skin tone
🙆,1f646,112,143,93,person gesturing OK
🙆🏻,1f646_1f3fb,107,137,113,person gesturing OK: light skin tone
🙆🏼,1f646_1f3fc,107,137,106,person gesturing OK: medium-light skin tone
🙆🏽,1f646_1f3fd,98,126,101,person gesturing OK: medium skin tone
🙆🏾,1f646_1f3fe,94,125,98,person gesturing OK: medium-dark skin tone
🙆🏿,1f646_1f3ff,86,118,96,person gesturing OK: dark skin tone
🙆‍♂️,1f646_200d_2642_fe0f,112,144,93,man gesturing OK
🙆🏻‍♂️,1f646_1f3fb_200d_2642_fe0f,108,138,114,man gesturing OK: light skin tone
🙆🏼‍♂️,1f646_1f3fc_200d_2642_fe0f,107,137,107,man gesturing OK: medium-light skin tone
🙆🏽‍♂️,1f646_1f3fd_200d_2642_fe0f,98,127,101,man gesturing OK: medium skin tone
🙆🏾‍♂️,1f646_1f3fe_200d_2642_fe0f,95,126,98,man gesturing OK: medium-dark skin tone
🙆🏿‍♂️,1f646_1f3ff_200d_2642_fe0f,86,118,97,man gesturing OK: dark skin tone
🙆‍♀️,1f646_200d_2640_fe0f,112,142,91,woman gesturing OK
🙆🏻‍♀️,1f646_1f3fb_200d_2640_fe0f,106,135,109,woman gesturing OK: light skin tone
🙆🏼‍♀️,1f646_1f3fc_200d_2640_fe0f,109,138,103,woman gesturing OK: medium-light skin tone
🙆🏽‍♀️,1f646_1f3fd_200d_2640_fe0f,96,124,98,woman gesturing OK: medium skin tone
🙆🏾‍♀️,1f646_1f3fe_200d_2640_fe0f,92,125,98,woman gesturing OK: medium-dark skin tone
🙆🏿‍♀️,1f646_1f3ff_200d_2640_fe0f,85,119,97,woman gesturing OK: dark skin tone
💁,1f481,98,131,82,person tipping hand
💁🏻,1f481_1f3fb,94,126,95,person tipping hand: light skin tone
💁🏼,1f481_1f3fc,95,128,91,person tipping hand: medium-light skin tone
💁🏽,1f481_1f3fd,87,118,87,person tipping hand: medium skin tone
💁🏾,1f481_1f3fe,84,118,86,person tipping hand: medium-dark skin tone
💁🏿,1f481_1f3ff,79,114,85,person tipping hand: dark skin tone
💁‍♂️,1f481_200d_2642_fe0f,98,131,82,man tipping hand
💁🏻‍♂️,1f481_1f3fb_200d_2642_fe0f,94,126,96,man tipping hand: light skin tone
💁🏼‍♂️,1f481_1f3fc_200d_2642_fe0f,95,127,91,man tipping hand: medium-light skin tone
💁🏽‍♂️,1f481_1f3fd_200d_2642_fe0f,87,119,88,man tipping hand: medium skin tone
💁🏾‍♂️,1f481_1f3fe_200d_2642_fe0f,84,118,86,man tipping hand: medium-dark skin tone
💁🏿‍♂️,1f481_1f3ff_200d_2642_fe0f,79,113,85,man tipping hand: dark skin tone
💁‍♀️,1f481_200d_2640_fe0f,111,135,78,woman tipping hand
💁🏻‍♀️,1f481_1f3fb_200d_2640_fe0f,100,125,92,woman tipping hand: light skin tone
💁🏼‍♀️,1f481_1f3fc_200d_2640_fe0f,109,137,87,woman tipping hand: medium-light skin tone
💁🏽‍♀️,1f481_1f3fd_200d_2640_fe0f,89,114,84,woman tipping hand: medium skin tone
💁🏾‍♀️,1f481_1f3fe_200d_2640_fe0f,85,119,87,woman tipping hand: medium-dark skin tone
💁🏿‍♀️,1f481_1f3ff_200d_2640_fe0f,79,114,86,woman tipping hand: dark skin tone
🙋,1f64b,110,139,85,person raising hand
🙋🏻,1f64b_1f3fb,105,133,106,person raising hand: light skin tone
🙋🏼,1f64b_1f3fc,105,133,99,person raising hand: medium-light skin tone
🙋🏽,1f64b_1f3fd,95,122,94,person raising hand: medium skin tone
🙋🏾,1f64b_1f3fe,91,121,90,person raising hand: medium-dark skin tone
🙋🏿,1f64b_1f3ff,83,113,89,person raising hand: dark skin tone
🙋‍♂️,1f64b_200d_2642_fe0f,110,140,86,man raising hand
🙋🏻‍♂️,1f64b_1f3fb_200d_2642_fe0f,105,133,106,man raising hand: light skin tone
🙋🏼‍♂️,1f64b_1f3fc_200d_2642_fe0f,104,133,100,man raising hand: medium-light skin tone
🙋🏽‍♂️,1f64b_1f3fd_200d_2642_fe0f,95,123,94,man raising hand: medium skin tone
🙋🏾‍♂️,1f64b_1f3fe_200d_2642_fe0f,92,121,90,man raising hand: medium-dark skin tone
🙋🏿‍♂️,1f64b_1f3ff_200d_2642_fe0f,83,113,89,man raising hand: dark skin tone
🙋‍♀️,1f64b_200d_2640_fe0f,122,144,82,woman raising hand
🙋🏻‍♀️,1f64b_1f3fb_200d_2640_fe0f,110,132,103,woman raising hand: light skin tone
🙋🏼‍♀️,1f64b_1f3fc_200d_2640_fe0f,117,142,96,woman raising hand: medium-light skin tone
🙋🏽‍♀️,1f64b_1f3fd_200d_2640_fe0f,96,118,91,woman raising hand: medium skin tone
🙋🏾‍♀️,1f64b_1f3fe_200d_2640_fe0f,93,122,92,woman raising hand: medium-dark skin tone
🙋🏿‍♀️,1f64b_1f3ff_200d_2640_fe0f,83,114,90,woman raising hand: dark skin tone
🧏,1f9cf,98,130,82,deaf person
🧏🏻,1f9cf_1f3fb,94,126,95,deaf person: light skin tone
🧏🏼,1f9cf_1f3fc,95,127,91,deaf person: medium-light skin tone
🧏🏽,1f9cf_1f3fd,86,118,88,deaf person: medium skin tone
🧏🏾,1f9cf_1f3fe,84,118,86,deaf person: medium-dark skin tone
🧏🏿,1f9cf_1f3ff,79,114,85,deaf person: dark skin tone
🧏‍♂️,1f9cf_200d_2642_fe0f,98,130,85,deaf man
🧏🏻‍♂️,1f9cf_1f3fb_200d_2642_fe0f,94,126,96,deaf man: light skin tone
🧏🏼‍♂️,1f9cf_1f3fc_200d_2642_fe0f,95,128,92,deaf man: medium-light skin tone
🧏🏽‍♂️,1f9cf_1f3fd_200d_2642_fe0f,87,119,89,deaf man: medium skin tone
🧏🏾‍♂️,1f9cf_1f3fe_200d_2642_fe0f,85,119,87,deaf man: medium-dark skin tone
🧏🏿‍♂️,1f9cf_1f3ff_200d_2642_fe0f,79,114,86,deaf man: dark skin tone
🧏‍♀️,1f9cf_200d_2640_fe0f,108,134,79,deaf woman
🧏🏻‍♀️,1f9cf_1f3fb_200d_2640_fe0f,99,125,92,deaf woman: light skin tone
🧏🏼‍♀️,1f9cf_1f3fc_200d_2640_fe0f,106,135,88,deaf woman: medium-light skin tone
🧏🏽‍♀️,1f9cf_1f3fd_200d_2640_fe0f,88,114,85,deaf woman: medium skin tone
🧏🏾‍♀️,1f9cf_1f3fe_200d_2640_fe0f,84,119,87,deaf woman: medium-dark skin tone
🧏🏿‍♀️,1f9cf_1f3ff_200d_2640_fe0f,79,114,86,deaf woman: dark skin tone
🙇,1f647,97,129,87,person bowing
🙇🏻,1f647_1f3fb,90,123,94,person bowing: light skin tone
🙇🏼,1f647_1f3fc,97,131,91,person bowing: medium-light skin tone
🙇🏽,1f647_1f3fd,84,117,90,person bowing: medium skin tone
🙇🏾,1f647_1f3fe,81,121,93,person bowing: medium-dark skin tone
🙇🏿,1f647_1f3ff,79,119,93,person bowing: dark skin tone
🙇‍♂️,1f647_200d_2642_fe0f,97,130,87,man bowing
🙇🏻‍♂️,1f647_1f3fb_200d_2642_fe0f,91,124,96,man bowing: light skin tone
🙇🏼‍♂️,1f647_1f3fc_200d_2642_fe0f,96,131,93,man bowing: medium-light skin tone
🙇🏽‍♂️,1f647_1f3fd_200d_2642_fe0f,85,118,91,man bowing: medium skin tone
🙇🏾‍♂️,1f647_1f3fe_200d_2642_fe0f,82,121,93,man bowing: medium-dark skin tone
🙇🏿‍♂️,1f647_1f3ff_200d_2642_fe0f,79,118,92,man bowing: dark skin tone
🙇‍♀️,1f647_200d_2640_fe0f,98,127,81,woman bowing
🙇🏻‍♀️,1f647_1f3fb_200d_2640_fe0f,90,120,89,woman bowing: light skin tone
🙇🏼‍♀️,1f647_1f3fc_200d_2640_fe0f,98,131,86,woman bowing: medium-light skin tone
🙇🏽‍♀️,1f647_1f3fd_200d_2640_fe0f,82,113,85,woman bowing: medium skin tone
🙇🏾‍♀️,1f647_1f3fe_200d_2640_fe0f,79,118,88,woman bowing: medium-dark skin tone
🙇🏿‍♀️,1f647_1f3ff_200d_2640_fe0f,77,116,88,woman bowing: dark skin tone
🤦,1f926,99,130,77,person facepalming
🤦🏻,1f926_1f3fb,95,125,93,person facepalming: light skin tone
🤦🏼,1f926_1f3fc,96,126,88,person facepalming: medium-light skin tone
🤦🏽,1f926_1f3fd,87,116,84,person facepalming: medium skin tone
🤦🏾,1f926_1f3fe,84,115,81,person facepalming: medium-dark skin tone
🤦🏿,1f926_1f3ff,77,110,80,person facepalming: dark skin tone
🤦‍♂️,1f926_200d_2642_fe0f,99,130,77,man facepalming
🤦🏻‍♂️,1f926_1f3fb_200d_2642_fe0f,95,125,93,man facepalming: light skin tone
🤦🏼‍♂️,1f926_1f3fc_200d_2642_fe0f,96,126,88,man facepalming: medium-light skin tone
🤦🏽‍♂️,1f926_1f3fd_200d_2642_fe0f,87,116,84,man facepalming: medium skin tone
🤦🏾‍♂️,1f926_1f3fe_200d_2642_fe0f,84,115,81,man facepalming: medium-dark skin tone
🤦🏿‍♂️,1f926_1f3ff_200d_2642_fe0f,77,110,80,man facepalming: dark skin tone
🤦‍♀️,1f926_200d_2640_fe0f,108,133,74,woman facepalming
🤦🏻‍♀️,1f926_1f3fb_200d_2640_fe0f,100,125,92,woman facepalming: light skin tone
🤦🏼‍♀️,1f926_1f3fc_200d_2640_fe0f,105,132,86,woman facepalming: medium-light skin tone
🤦🏽‍♀️,1f926_1f3fd_200d_2640_fe0f,89,114,82,woman facepalming: medium skin tone
🤦🏾‍♀️,1f926_1f3fe_200d_2640_fe0f,85,115,81,woman facepalming: medium-dark skin tone
🤦🏿‍♀️,1f926_1f3ff_200d_2640_fe0f,77,109,80,woman facepalming: dark skin tone
🤷,1f937,104,135,86,person shrugging
🤷🏻,1f937_1f3fb,99,130,102,person shrugging: light skin tone
🤷🏼,1f937_1f3fc,100,131,97,person shrugging: medium-light skin tone
🤷🏽,1f937_1f3fd,91,121,93,person shrugging: medium skin tone
🤷🏾,1f937_1f3fe,88,121,91,person shrugging: medium-dark skin tone
🤷🏿,1f937_1f3ff,81,115,89,person shrugging: dark skin tone
🤷‍♂️,1f937_200d_2642_fe0f,103,136,87,man shrugging
🤷🏻‍♂️,1f937_1f3fb_200d_2642_fe0f,100,131,103,man shrugging: light skin tone
🤷🏼‍♂️,1f937_1f3fc_200d_2642_fe0f,100,131,98,man shrugging: medium-light skin tone
🤷🏽‍♂️,1f937_1f3fd_200d_2642_fe0f,91,122,93,man shrugging: medium skin tone
🤷🏾‍♂️,1f937_1f3fe_200d_2642_fe0f,88,121,91,man shrugging: medium-dark skin tone
🤷🏿‍♂️,1f937_1f3ff_200d_2642_fe0f,81,115,89,man shrugging: dark skin tone
🤷‍♀️,1f937_200d_2640_fe0f,108,137,85,woman shrugging
🤷🏻‍♀️,1f937_1f3fb_200d_2640_fe0f,101,129,100,woman shrugging: light skin tone
🤷🏼‍♀️,1f937_1f3fc_200d_2640_fe0f,105,135,95,woman shrugging: medium-light skin tone
🤷🏽‍♀️,1f937_1f3fd_200d_2640_fe0f,91,119,91,woman shrugging: medium skin tone
🤷🏾‍♀️,1f937_1f3fe_200d_2640_fe0f,88,121,91,woman shrugging: medium-dark skin tone
🤷🏿‍♀️,1f937_1f3ff_200d_2640_fe0f,81,116,90,woman shrugging: dark skin tone
🧑‍⚕️,1f9d1_200d_2695_fe0f,94,123,79,health worker
🧑🏻‍⚕️,1f9d1_1f3fb_200d_2695_fe0f,93,122,88,health worker: light skin tone
🧑🏼‍⚕️,1f9d1_1f3fc_200d_2695_fe0f,95,124,85,health worker: medium-light skin tone
🧑🏽‍⚕️,1f9d1_1f3fd_200d_2695_fe0f,87,116,82,health worker: medium skin tone
🧑🏾‍⚕️,1f9d1_1f3fe_200d_2695_fe0f,85,116,82,health worker: medium-dark skin tone
🧑🏿‍⚕️,1f9d1_1f3ff_200d_2695_fe0f,81,113,81,health worker: dark skin tone
👨‍⚕️,1f468_200d_2695_fe0f,91,122,80,man health worker
👨🏻‍⚕️,1f468_1f3fb_200d_2695_fe0f,90,120,87,man health worker: light skin tone
👨🏼‍⚕️,1f468_1f3fc_200d_2695_fe0f,92,123,84,man health worker: medium-light skin tone
👨🏽‍⚕️,1f468_1f3fd_200d_2695_fe0f,85,115,82,man health worker: medium skin tone
👨🏾‍⚕️,1f468_1f3fe_200d_2695_fe0f,84,116,82,man health worker: medium-dark skin tone
👨🏿‍⚕️,1f468_1f3ff_200d_2695_fe0f,80,113,81,man health worker: dark skin tone
👩‍⚕️,1f469_200d_2695_fe0f,98,122,77,woman health worker
👩🏻‍⚕️,1f469_1f3fb_200d_2695_fe0f,98,120,86,woman health worker: light skin tone
👩🏼‍⚕️,1f469_1f3fc_200d_2695_fe0f,106,131,82,woman health worker: medium-light skin tone
👩🏽‍⚕️,1f469_1f3fd_200d_2695_fe0f,88,111,79,woman health worker: medium skin tone
👩🏾‍⚕️,1f469_1f3fe_200d_2695_fe0f,86,116,82,woman health worker: medium-dark skin tone
👩🏿‍⚕️,1f469_1f3ff_200d_2695_fe0f,82,113,81,woman health worker: dark skin tone
🧑‍🎓,1f9d1_200d_1f393,81,113,73,student
🧑🏻‍🎓,1f9d1_1f3fb_200d_1f393,80,111,80,student: light skin tone
🧑🏼‍🎓,1f9d1_1f3fc_200d_1f393,79,110,78,student: medium-light skin tone
🧑🏽‍🎓,1f9d1_1f3fd_200d_1f393,77,108,76,student: medium skin tone
🧑🏾‍🎓,1f9d1_1f3fe_200d_1f393,75,106,73,student: medium-dark skin tone
🧑🏿‍🎓,1f9d1_1f3ff_200d_1f393,72,104,73,student: dark skin tone
👨‍🎓,1f468_200d_1f393,81,113,73,man student
👨🏻‍🎓,1f468_1f3fb_200d_1f393,80,111,80,man student: light skin tone
👨🏼‍🎓,1f468_1f3fc_200d_1f393,79,110,78,man student: medium-light skin tone
👨🏽‍🎓,1f468_1f3fd_200d_1f393,77,108,76,man student: medium skin tone
👨🏾‍🎓,1f468_1f3fe_200d_1f393,75,106,73,man student: medium-dark skin tone
👨🏿‍🎓,1f468_1f3ff_200d_1f393,72,104,73,man student: dark skin tone
👩‍🎓,1f469_200d_1f393,88,114,71,woman student
👩🏻‍🎓,1f469_1f3fb_200d_1f393,83,110,78,woman student: light skin tone
👩🏼‍🎓,1f469_1f3fc_200d_1f393,87,115,75,woman student: medium-light skin tone
👩🏽‍🎓,1f469_1f3fd_200d_1f393,78,104,73,woman student: medium skin tone
👩🏾‍🎓,1f469_1f3fe_200d_1f393,75,106,73,woman student: medium-dark skin tone
👩🏿‍🎓,1f469_1f3ff_200d_1f393,72,103,73,woman student: dark skin tone
🧑‍🏫,1f9d1_200d_1f3eb,87,120,65,teacher
🧑🏻‍🏫,1f9d1_1f3fb_200d_1f3eb,87,118,72,teacher: light skin tone
🧑🏼‍🏫,1f9d1_1f3fc_200d_1f3eb,89,121,70,teacher: medium-light skin tone
🧑🏽‍🏫,1f9d1_1f3fd_200d_1f3eb,81,112,67,teacher: medium skin tone
🧑🏾‍🏫,1f9d1_1f3fe_200d_1f3eb,79,113,66,teacher: medium-dark skin tone
🧑🏿‍🏫,1f9d1_1f3ff_200d_1f3eb,76,111,66,teacher: dark skin tone
👨‍🏫,1f468_200d_1f3eb,86,119,65,man teacher
👨🏻‍🏫,1f468_1f3fb_200d_1f3eb,85,118,71,man teacher: light skin tone
👨🏼‍🏫,1f468_1f3fc_200d_1f3eb,88,121,69,man teacher: medium-light skin tone
👨🏽‍🏫,1f468_1f3fd_200d_1f3eb,80,112,67,man teacher: medium skin tone
👨🏾‍🏫,1f468_1f3fe_200d_1f3eb,78,114,66,man teacher: medium-dark skin tone
👨🏿‍🏫,1f468_1f3ff_200d_1f3eb,75,111,66,man teacher: dark skin tone
👩‍🏫,1f469_200d_1f3eb,90,115,64,woman teacher
👩🏻‍🏫,1f469_1f3fb_200d_1f3eb,95,119,72,woman teacher: light skin tone
👩🏼‍🏫,1f469_1f3fc_200d_1f3eb,102,128,69,woman teacher: medium-light skin tone
👩🏽‍🏫,1f469_1f3fd_200d_1f3eb,87,111,67,woman teacher: medium skin tone
👩🏾‍🏫,1f469_1f3fe_200d_1f3eb,85,115,68,woman teacher: medium-dark skin tone
👩🏿‍🏫,1f469_1f3ff_200d_1f3eb,82,113,67,woman teacher: dark skin tone
🧑‍⚖️,1f9d1_200d_2696_fe0f,85,113,69,judge
🧑🏻‍⚖️,1f9d1_1f3fb_200d_2696_fe0f,87,114,79,judge: light skin tone
🧑🏼‍⚖️,1f9d1_1f3fc_200d_2696_fe0f,89,116,76,judge: medium-light skin tone
🧑🏽‍⚖️,1f9d1_1f3fd_200d_2696_fe0f,81,107,73,judge: medium skin tone
🧑🏾‍⚖️,1f9d1_1f3fe_200d_2696_fe0f,79,107,72,judge: medium-dark skin tone
🧑🏿‍⚖️,1f9d1_1f3ff_200d_2696_fe0f,74,104,71,judge: dark skin tone
👨‍⚖️,1f468_200d_2696_fe0f,84,112,70,man judge
👨🏻‍⚖️,1f468_1f3fb_200d_2696_fe0f,85,113,78,man judge: light skin tone
👨🏼‍⚖️,1f468_1f3fc_200d_2696_fe0f,88,116,75,man judge: medium-light skin tone
👨🏽‍⚖️,1f468_1f3fd_200d_2696_fe0f,80,107,73,man judge: medium skin tone
👨🏾‍⚖️,1f468_1f3fe_200d_2696_fe0f,78,107,72,man judge: medium-dark skin tone
👨🏿‍⚖️,1f468_1f3ff_200d_2696_fe0f,74,104,71,man judge: dark skin tone
👩‍⚖️,1f469_200d_2696_fe0f,83,112,70,woman judge
👩🏻‍⚖️,1f469_1f3fb_200d_2696_fe0f,85,112,78,woman judge: light skin tone
👩🏼‍⚖️,1f469_1f3fc_200d_2696_fe0f,87,115,75,woman judge: medium-light skin tone
👩🏽‍⚖️,1f469_1f3fd_200d_2696_fe0f,80,106,73,woman judge: medium skin tone
👩🏾‍⚖️,1f469_1f3fe_200d_2696_fe0f,77,107,72,woman judge: medium-dark skin tone
👩🏿‍⚖️,1f469_1f3ff_200d_2696_fe0f,74,104,71,woman judge: dark skin tone
🧑‍🌾,1f9d1_200d_1f33e,88,121,72,farmer
🧑🏻‍🌾,1f9d1_1f3fb_200d_1f33e,88,120,81,farmer: light skin tone
🧑🏼‍🌾,1f9d1_1f3fc_200d_1f33e,87,119,78,farmer: medium-light skin tone
🧑🏽‍🌾,1f9d1_1f3fd_200d_1f33e,84,115,75,farmer: medium skin tone
🧑🏾‍🌾,1f9d1_1f3fe_200d_1f33e,82,114,73,farmer: medium-dark skin tone
🧑🏿‍🌾,1f9d1_1f3ff_200d_1f33e,78,111,73,farmer: dark skin tone
👨‍🌾,1f468_200d_1f33e,88,121,72,man farmer
👨🏻‍🌾,1f468_1f3fb_200d_1f33e,88,120,81,man farmer: light skin tone
👨🏼‍🌾,1f468_1f3fc_200d_1f33e,87,119,78,man farmer: medium-light skin tone
👨🏽‍🌾,1f468_1f3fd_200d_1f33e,84,115,75,man farmer: medium skin tone
👨🏾‍🌾,1f468_1f3fe_200d_1f33e,82,114,73,man farmer: medium-dark skin tone
👨🏿‍🌾,1f468_1f3ff_200d_1f33e,78,111,73,man farmer: dark skin tone
👩‍🌾,1f469_200d_1f33e,92,119,70,woman farmer
👩🏻‍🌾,1f469_1f3fb_200d_1f33e,92,117,79,woman farmer: light skin tone
👩🏼‍🌾,1f469_1f3fc_200d_1f33e,97,124,75,woman farmer: medium-light skin tone
👩🏽‍🌾,1f469_1f3fd_200d_1f33e,83,109,73,woman farmer: medium skin tone
👩🏾‍🌾,1f469_1f3fe_200d_1f33e,81,113,73,woman farmer: medium-dark skin tone
👩🏿‍🌾,1f469_1f3ff_200d_1f33e,77,109,73,woman farmer: dark skin tone
🧑‍🍳,1f9d1_200d_1f373,100,131,92,cook
🧑🏻‍🍳,1f9d1_1f3fb_200d_1f373,99,130,100,cook: light skin tone
🧑🏼‍🍳,1f9d1_1f3fc_200d_1f373,98,128,97,cook: medium-light skin tone
🧑🏽‍🍳,1f9d1_1f3fd_200d_1f373,96,126,95,cook: medium skin tone
🧑🏾‍🍳,1f9d1_1f3fe_200d_1f373,95,125,93,cook: medium-dark skin tone
🧑🏿‍🍳,1f9d1_1f3ff_200d_1f373,92,122,93,cook: dark skin tone
👨‍🍳,1f468_200d_1f373,100,131,92,man cook
👨🏻‍🍳,1f468_1f3fb_200d_1f373,99,130,100,man cook: light skin tone
👨🏼‍🍳,1f468_1f3fc_200d_1f373,98,128,97,man cook: medium-light skin tone
👨🏽‍🍳,1f468_1f3fd_200d_1f373,96,126,95,man cook: medium skin tone
👨🏾‍🍳,1f468_1f3fe_200d_1f373,95,125,93,man cook: medium-dark skin tone
👨🏿‍🍳,1f468_1f3ff_200d_1f373,92,122,93,man cook: dark skin tone
👩‍🍳,1f469_200d_1f373,102,131,92,woman cook
👩🏻‍🍳,1f469_1f3fb_200d_1f373,101,130,100,woman cook: light skin tone
👩🏼‍🍳,1f469_1f3fc_200d_1f373,101,130,97,woman cook: medium-light skin tone
👩🏽‍🍳,1f469_1f3fd_200d_1f373,97,126,95,woman cook: medium skin tone
👩🏾‍🍳,1f469_1f3fe_200d_1f373,96,125,93,woman cook: medium-dark skin tone
👩🏿‍🍳,1f469_1f3ff_200d_1f373,93,123,93,woman cook: dark skin tone
🧑‍🔧,1f9d1_200d_1f527,83,121,85,mechanic
🧑🏻‍🔧,1f9d1_1f3fb_200d_1f527,83,119,92,mechanic: light skin tone
🧑🏼‍🔧,1f9d1_1f3fc_200d_1f527,82,118,89,mechanic: medium-light skin tone
🧑🏽‍🔧,1f9d1_1f3fd_200d_1f527,79,116,87,mechanic: medium skin tone
🧑🏾‍🔧,1f9d1_1f3fe_200d_1f527,78,115,86,mechanic: medium-dark skin tone
🧑🏿‍🔧,1f9d1_1f3ff_200d_1f527,75,112,85,mechanic: dark skin tone
👨‍🔧,1f468_200d_1f527,83,121,85,man mechanic
👨🏻‍🔧,1f468_1f3fb_200d_1f527,83,119,92,man mechanic: light skin tone
👨🏼‍🔧,1f468_1f3fc_200d_1f527,82,118,89,man mechanic: medium-light skin tone
👨🏽‍🔧,1f468_1f3fd_200d_1f527,79,116,87,man mechanic: medium skin tone
👨🏾‍🔧,1f468_1f3fe_200d_1f527,78,115,86,man mechanic: medium-dark skin tone
👨🏿‍🔧,1f468_1f3ff_200d_1f527,75,112,85,man mechanic: dark skin tone
👩‍🔧,1f469_200d_1f527,83,120,84,woman mechanic
👩🏻‍🔧,1f469_1f3fb_200d_1f527,84,119,92,woman mechanic: light skin tone
👩🏼‍🔧,1f469_1f3fc_200d_1f527,85,120,89,woman mechanic: medium-light skin tone
👩🏽‍🔧,1f469_1f3fd_200d_1f527,80,115,87,woman mechanic: medium skin tone
👩🏾‍🔧,1f469_1f3fe_200d_1f527,78,115,86,woman mechanic: medium-dark skin tone
👩🏿‍🔧,1f469_1f3ff_200d_1f527,75,112,86,woman mechanic: dark skin tone
🧑‍🏭,1f9d1_200d_1f3ed,86,120,80,factory worker
🧑🏻‍🏭,1f9d1_1f3fb_200d_1f3ed,85,119,88,factory worker: light skin tone
🧑🏼‍🏭,1f9d1_1f3fc_200d_1f3ed,84,117,86,factory worker: medium-light skin tone
🧑🏽‍🏭,1f9d1_1f3fd_200d_1f3ed,82,115,83,factory worker: medium skin tone
🧑🏾‍🏭,1f9d1_1f3fe_200d_1f3ed,80,113,81,factory worker: medium-dark skin tone
🧑🏿‍🏭,1f9d1_1f3ff_200d_1f3ed,77,111,81,factory worker: dark skin tone
👨‍🏭,1f468_200d_1f3ed,86,120,80,man factory worker
👨🏻‍🏭,1f468_1f3fb_200d_1f3ed,85,119,88,man factory worker: light skin tone
👨🏼‍🏭,1f468_1f3fc_200d_1f3ed,84,117,86,man factory worker: medium-light skin tone
👨🏽‍🏭,1f468_1f3fd_200d_1f3ed,82,115,83,man factory worker: medium skin tone
👨🏾‍🏭,1f468_1f3fe_200d_1f3ed,80,113,81,man factory worker: medium-dark skin tone
👨🏿‍🏭,1f468_1f3ff_200d_1f3ed,77,111,81,man factory worker: dark skin tone
👩‍🏭,1f469_200d_1f3ed,86,119,80,woman factory worker
👩🏻‍🏭,1f469_1f3fb_200d_1f3ed,87,119,88,woman factory worker: light skin tone
👩🏼‍🏭,1f469_1f3fc_200d_1f3ed,87,119,85,woman factory worker: medium-light skin tone
👩🏽‍🏭,1f469_1f3fd_200d_1f3ed,83,114,83,woman factory worker: medium skin tone
👩🏾‍🏭,1f469_1f3fe_200d_1f3ed,81,114,81,woman factory worker: medium-dark skin tone
👩🏿‍🏭,1f469_1f3ff_200d_1f3ed,77,111,81,woman factory worker: dark skin tone
🧑‍💼,1f9d1_200d_1f4bc,91,121,80,office worker
🧑🏻‍💼,1f9d1_1f3fb_200d_1f4bc,95,122,90,office worker: light skin tone
🧑🏼‍💼,1f9d1_1f3fc_200d_1f4bc,97,125,86,office worker: medium-light skin tone
🧑🏽‍💼,1f9d1_1f3fd_200d_1f4bc,89,115,84,office worker: medium skin tone
🧑🏾‍💼,1f9d1_1f3fe_200d_1f4bc,87,116,83,office worker: medium-dark skin tone
🧑🏿‍💼,1f9d1_1f3ff_200d_1f4bc,83,113,82,office worker: dark skin tone
👨‍💼,1f468_200d_1f4bc,90,120,81,man office worker
👨🏻‍💼,1f468_1f3fb_200d_1f4bc,94,121,89,man office worker: light skin tone
👨🏼‍💼,1f468_1f3fc_200d_1f4bc,96,124,86,man office worker: medium-light skin tone
👨🏽‍💼,1f468_1f3fd_200d_1f4bc,88,115,83,man office worker: medium skin tone
👨🏾‍💼,1f468_1f3fe_200d_1f4bc,86,116,83,man office worker: medium-dark skin tone
👨🏿‍💼,1f468_1f3ff_200d_1f4bc,82,113,82,man office worker: dark skin tone
👩‍💼,1f469_200d_1f4bc,89,116,79,woman office worker
👩🏻‍💼,1f469_1f3fb_200d_1f4bc,99,120,87,woman office worker: light skin tone
👩🏼‍💼,1f469_1f3fc_200d_1f4bc,107,130,83,woman office worker: medium-light skin tone
👩🏽‍💼,1f469_1f3fd_200d_1f4bc,90,111,81,woman office worker: medium skin tone
👩🏾‍💼,1f469_1f3fe_200d_1f4bc,87,116,83,woman office worker: medium-dark skin tone
👩🏿‍💼,1f469_1f3ff_200d_1f4bc,83,112,82,woman office worker: dark skin tone
🧑‍🔬,1f9d1_200d_1f52c,96,126,88,scientist
🧑🏻‍🔬,1f9d1_1f3fb_200d_1f52c,93,125,92,scientist: light skin tone
🧑🏼‍🔬,1f9d1_1f3fc_200d_1f52c,96,128,90,scientist: medium-light skin tone
🧑🏽‍🔬,1f9d1_1f3fd_200d_1f52c,89,121,89,scientist: medium skin tone
🧑🏾‍🔬,1f9d1_1f3fe_200d_1f52c,89,123,91,scientist: medium-dark skin tone
🧑🏿‍🔬,1f9d1_1f3ff_200d_1f52c,87,122,90,scientist: dark skin tone
👨‍🔬,1f468_200d_1f52c,95,125,88,man scientist
👨🏻‍🔬,1f468_1f3fb_200d_1f52c,92,124,91,man scientist: light skin tone
👨🏼‍🔬,1f468_1f3fc_200d_1f52c,95,128,90,man scientist: medium-light skin tone
👨🏽‍🔬,1f468_1f3fd_200d_1f52c,89,121,89,man scientist: medium skin tone
👨🏾‍🔬,1f468_1f3fe_200d_1f52c,88,123,90,man scientist: medium-dark skin tone
👨🏿‍🔬,1f468_1f3ff_200d_1f52c,87,122,90,man scientist: dark skin tone
👩‍🔬,1f469_200d_1f52c,104,123,84,woman scientist
👩🏻‍🔬,1f469_1f3fb_200d_1f52c,97,123,89,woman scientist: light skin tone
👩🏼‍🔬,1f469_1f3fc_200d_1f52c,105,134,87,woman scientist: medium-light skin tone
👩🏽‍🔬,1f469_1f3fd_200d_1f52c,90,117,86,woman scientist: medium skin tone
👩🏾‍🔬,1f469_1f3fe_200d_1f52c,89,124,91,woman scientist: medium-dark skin tone
👩🏿‍🔬,1f469_1f3ff_200d_1f52c,88,122,91,woman scientist: dark skin tone
🧑‍💻,1f9d1_200d_1f4bb,93,123,84,technologist
🧑🏻‍💻,1f9d1_1f3fb_200d_1f4bb,93,122,91,technologist: light skin tone
🧑🏼‍💻,1f9d1_1f3fc_200d_1f4bb,95,125,88,technologist: medium-light skin tone
🧑🏽‍💻,1f9d1_1f3fd_200d_1f4bb,87,117,86,technologist: medium skin tone
🧑🏾‍💻,1f9d1_1f3fe_200d_1f4bb,86,118,86,technologist: medium-dark skin tone
🧑🏿‍💻,1f9d1_1f3ff_200d_1f4bb,82,115,86,technologist: dark skin tone
👨‍💻,1f468_200d_1f4bb,92,123,84,man technologist
👨🏻‍💻,1f468_1f3fb_200d_1f4bb,91,121,90,man technologist: light skin tone
👨🏼‍💻,1f468_1f3fc_200d_1f4bb,93,124,88,man technologist: medium-light skin tone
👨🏽‍💻,1f468_1f3fd_200d_1f4bb,86,116,86,man technologist: medium skin tone
👨🏾‍💻,1f468_1f3fe_200d_1f4bb,85,118,86,man technologist: medium-dark skin tone
👨🏿‍💻,1f468_1f3ff_200d_1f4bb,82,115,86,man technologist: dark skin tone
👩‍💻,1f469_200d_1f4bb,96,121,81,woman technologist
👩🏻‍💻,1f469_1f3fb_200d_1f4bb,96,119,87,woman technologist: light skin tone
👩🏼‍💻,1f469_1f3fc_200d_1f4bb,104,131,84,woman technologist: medium-light skin tone
👩🏽‍💻,1f469_1f3fd_200d_1f4bb,87,111,83,woman technologist: medium skin tone
👩🏾‍💻,1f469_1f3fe_200d_1f4bb,86,118,87,woman technologist: medium-dark skin tone
👩🏿‍💻,1f469_1f3ff_200d_1f4bb,83,115,87,woman technologist: dark skin tone
🧑‍🎤,1f9d1_200d_1f3a4,89,122,79,singer
🧑🏻‍🎤,1f9d1_1f3fb_200d_1f3a4,89,120,89,singer: light skin tone
🧑🏼‍🎤,1f9d1_1f3fc_200d_1f3a4,91,123,85,singer: medium-light skin tone
🧑🏽‍🎤,1f9d1_1f3fd_200d_1f3a4,83,114,82,singer: medium skin tone
🧑🏾‍🎤,1f9d1_1f3fe_200d_1f3a4,80,114,81,singer: medium-dark skin tone
🧑🏿‍🎤,1f9d1_1f3ff_200d_1f3a4,76,111,81,singer: dark skin tone
👨‍🎤,1f468_200d_1f3a4,87,120,79,man singer
👨🏻‍🎤,1f468_1f3fb_200d_1f3a4,86,119,87,man singer: light skin tone
👨🏼‍🎤,1f468_1f3fc_200d_1f3a4,88,121,85,man singer: medium-light skin tone
👨🏽‍🎤,1f468_1f3fd_200d_1f3a4,81,113,82,man singer: medium skin tone
👨🏾‍🎤,1f468_1f3fe_200d_1f3a4,79,114,82,man singer: medium-dark skin tone
👨🏿‍🎤,1f468_1f3ff_200d_1f3a4,76,111,81,man singer: dark skin tone
👩‍🎤,1f469_200d_1f3a4,95,118,68,woman singer
👩🏻‍🎤,1f469_1f3fb_200d_1f3a4,94,116,80,woman singer: light skin tone
👩🏼‍🎤,1f469_1f3fc_200d_1f3a4,100,125,75,woman singer: medium-light skin tone
👩🏽‍🎤,1f469_1f3fd_200d_1f3a4,83,105,72,woman singer: medium skin tone
👩🏾‍🎤,1f469_1f3fe_200d_1f3a4,79,108,72,woman singer: medium-dark skin tone
👩🏿‍🎤,1f469_1f3ff_200d_1f3a4,73,103,71,woman singer: dark skin tone
🧑‍🎨,1f9d1_200d_1f3a8,96,120,72,artist
🧑🏻‍🎨,1f9d1_1f3fb_200d_1f3a8,94,118,79,artist: light skin tone
🧑🏼‍🎨,1f9d1_1f3fc_200d_1f3a8,94,118,77,artist: medium-light skin tone
🧑🏽‍🎨,1f9d1_1f3fd_200d_1f3a8,91,114,74,artist: medium skin tone
🧑🏾‍🎨,1f9d1_1f3fe_200d_1f3a8,90,113,73,artist: medium-dark skin tone
🧑🏿‍🎨,1f9d1_1f3ff_200d_1f3a8,86,111,72,artist: dark skin tone
👨‍🎨,1f468_200d_1f3a8,96,120,72,man artist
👨🏻‍🎨,1f468_1f3fb_200d_1f3a8,94,118,79,man artist: light skin tone
👨🏼‍🎨,1f468_1f3fc_200d_1f3a8,94,118,77,man artist: medium-light skin tone
👨🏽‍🎨,1f468_1f3fd_200d_1f3a8,91,114,74,man artist: medium skin tone
👨🏾‍🎨,1f468_1f3fe_200d_1f3a8,90,113,73,man artist: medium-dark skin tone
👨🏿‍🎨,1f468_1f3ff_200d_1f3a8,86,111,72,man artist: dark skin tone
👩‍🎨,1f469_200d_1f3a8,100,121,71,woman artist
👩🏻‍🎨,1f469_1f3fb_200d_1f3a8,97,119,80,woman artist: light skin tone
👩🏼‍🎨,1f469_1f3fc_200d_1f3a8,98,120,77,woman artist: medium-light skin tone
👩🏽‍🎨,1f469_1f3fd_200d_1f3a8,92,114,74,woman artist: medium skin tone
👩🏾‍🎨,1f469_1f3fe_200d_1f3a8,91,114,73,woman artist: medium-dark skin tone
👩🏿‍🎨,1f469_1f3ff_200d_1f3a8,87,111,72,woman artist: dark skin tone
🧑‍✈️,1f9d1_200d_2708_fe0f,89,121,80,pilot
🧑🏻‍✈️,1f9d1_1f3fb_200d_2708_fe0f,89,119,88,pilot: light skin tone
🧑🏼‍✈️,1f9d1_1f3fc_200d_2708_fe0f,88,118,86,pilot: medium-light skin tone
🧑🏽‍✈️,1f9d1_1f3fd_200d_2708_fe0f,85,115,83,pilot: medium skin tone
🧑🏾‍✈️,1f9d1_1f3fe_200d_2708_fe0f,84,114,81,pilot: medium-dark skin tone
🧑🏿‍✈️,1f9d1_1f3ff_200d_2708_fe0f,80,111,81,pilot: dark skin tone
👨‍✈️,1f468_200d_2708_fe0f,89,121,80,man pilot
👨🏻‍✈️,1f468_1f3fb_200d_2708_fe0f,89,119,88,man pilot: light skin tone
👨🏼‍✈️,1f468_1f3fc_200d_2708_fe0f,88,118,86,man pilot: medium-light skin tone
👨🏽‍✈️,1f468_1f3fd_200d_2708_fe0f,85,115,83,man pilot: medium skin tone
👨🏾‍✈️,1f468_1f3fe_200d_2708_fe0f,84,114,81,man pilot: medium-dark skin tone
👨🏿‍✈️,1f468_1f3ff_200d_2708_fe0f,80,111,81,man pilot: dark skin tone
👩‍✈️,1f469_200d_2708_fe0f,91,120,80,woman pilot
👩🏻‍✈️,1f469_1f3fb_200d_2708_fe0f,91,119,88,woman pilot: light skin tone
👩🏼‍✈️,1f469_1f3fc_200d_2708_fe0f,91,120,85,woman pilot: medium-light skin tone
👩🏽‍✈️,1f469_1f3fd_200d_2708_fe0f,86,114,82,woman pilot: medium skin tone
👩🏾‍✈️,1f469_1f3fe_200d_2708_fe0f,84,114,82,woman pilot: medium-dark skin tone
👩🏿‍✈️,1f469_1f3ff_200d_2708_fe0f,81,111,81,woman pilot: dark skin tone
🧑‍🚀,1f9d1_200d_1f680,91,123,85,astronaut
🧑🏻‍🚀,1f9d1_1f3fb_200d_1f680,90,121,91,astronaut: light skin tone
🧑🏼‍🚀,1f9d1_1f3fc_200d_1f680,89,120,89,astronaut: medium-light skin tone
🧑🏽‍🚀,1f9d1_1f3fd_200d_1f680,88,118,87,astronaut: medium skin tone
🧑🏾‍🚀,1f9d1_1f3fe_200d_1f680,87,117,85,astronaut: medium-dark skin tone
🧑🏿‍🚀,1f9d1_1f3ff_200d_1f680,84,115,84,astronaut: dark skin tone
👨‍🚀,1f468_200d_1f680,91,123,85,man astronaut
👨🏻‍🚀,1f468_1f3fb_200d_1f680,90,121,91,man astronaut: light skin tone
👨🏼‍🚀,1f468_1f3fc_200d_1f680,89,120,89,man astronaut: medium-light skin tone
👨🏽‍🚀,1f468_1f3fd_200d_1f680,88,118,87,man astronaut: medium skin tone
👨🏾‍🚀,1f468_1f3fe_200d_1f680,87,117,85,man astronaut: medium-dark skin tone
👨🏿‍🚀,1f468_1f3ff_200d_1f680,84,115,84,man astronaut: dark skin tone
👩‍🚀,1f469_200d_1f680,89,121,85,woman astronaut
👩🏻‍🚀,1f469_1f3fb_200d_1f680,89,120,90,woman astronaut: light skin tone
👩🏼‍🚀,1f469_1f3fc_200d_1f680,88,119,88,woman astronaut: medium-light skin tone
👩🏽‍🚀,1f469_1f3fd_200d_1f680,86,118,86,woman astronaut: medium skin tone
👩🏾‍🚀,1f469_1f3fe_200d_1f680,85,117,85,woman astronaut: medium-dark skin tone
👩🏿‍🚀,1f469_1f3ff_200d_1f680,83,115,85,woman astronaut: dark skin tone
🧑‍🚒,1f9d1_200d_1f692,90,115,70,firefighter
🧑🏻‍🚒,1f9d1_1f3fb_200d_1f692,89,113,77,firefighter: light skin tone
🧑🏼‍🚒,1f9d1_1f3fc_200d_1f692,88,111,75,firefighter: medium-light skin tone
🧑🏽‍🚒,1f9d1_1f3fd_200d_1f692,86,109,72,firefighter: medium skin tone
🧑🏾‍🚒,1f9d1_1f3fe_200d_1f692,85,108,71,firefighter: medium-dark skin tone
🧑🏿‍🚒,1f9d1_1f3ff_200d_1f692,82,106,70,firefighter: dark skin tone
👨‍🚒,1f468_200d_1f692,90,115,70,man firefighter
👨🏻‍🚒,1f468_1f3fb_200d_1f692,89,113,77,man firefighter: light skin tone
👨🏼‍🚒,1f468_1f3fc_200d_1f692,88,111,75,man firefighter: medium-light skin tone
👨🏽‍🚒,1f468_1f3fd_200d_1f692,86,109,72,man firefighter: medium skin tone
👨🏾‍🚒,1f468_1f3fe_200d_1f692,85,108,71,man firefighter: medium-dark skin tone
👨🏿‍🚒,1f468_1f3ff_200d_1f692,82,106,70,man firefighter: dark skin tone
👩‍🚒,1f469_200d_1f692,90,114,69,woman firefighter
👩🏻‍🚒,1f469_1f3fb_200d_1f692,91,113,77,woman firefighter: light skin tone
👩🏼‍🚒,1f469_1f3fc_200d_1f692,90,113,75,woman firefighter: medium-light skin tone
👩🏽‍🚒,1f469_1f3fd_200d_1f692,86,109,72,woman firefighter: medium skin tone
👩🏾‍🚒,1f469_1f3fe_200d_1f692,85,108,70,woman firefighter: medium-dark skin tone
👩🏿‍🚒,1f469_1f3ff_200d_1f692,82,105,70,woman firefighter: dark skin tone
👮,1f46e,84,122,85,police officer
👮🏻,1f46e_1f3fb,83,120,92,police officer: light skin tone
👮🏼,1f46e_1f3fc,82,120,90,police officer: medium-light skin tone
👮🏽,1f46e_1f3fd,80,117,88,police officer: medium skin tone
👮🏾,1f46e_1f3fe,79,116,86,police officer: medium-dark skin tone
👮🏿,1f46e_1f3ff,76,113,86,police officer: dark skin tone
👮‍♂️,1f46e_200d_2642_fe0f,83,122,85,man police officer
👮🏻‍♂️,1f46e_1f3fb_200d_2642_fe0f,83,120,92,man police officer: light skin tone
👮🏼‍♂️,1f46e_1f3fc_200d_2642_fe0f,82,119,90,man police officer: medium-light skin tone
👮🏽‍♂️,1f46e_1f3fd_200d_2642_fe0f,80,117,88,man police officer: medium skin tone
👮🏾‍♂️,1f46e_1f3fe_200d_2642_fe0f,79,116,86,man police officer: medium-dark skin tone
👮🏿‍♂️,1f46e_1f3ff_200d_2642_fe0f,76,113,86,man police officer: dark skin tone
👮‍♀️,1f46e_200d_2640_fe0f,85,120,84,woman police officer
👮🏻‍♀️,1f46e_1f3fb_200d_2640_fe0f,85,120,91,woman police officer: light skin tone
👮🏼‍♀️,1f46e_1f3fc_200d_2640_fe0f,86,121,89,woman police officer: medium-light skin tone
👮🏽‍♀️,1f46e_1f3fd_200d_2640_fe0f,80,115,87,woman police officer: medium skin tone
👮🏾‍♀️,1f46e_1f3fe_200d_2640_fe0f,78,115,86,woman police officer: medium-dark skin tone
👮🏿‍♀️,1f46e_1f3ff_200d_2640_fe0f,75,113,86,woman police officer: dark skin tone
🕵️,1f575,88,116,72,detective
🕵🏻,1f575_1f3fb,87,115,80,detective: light skin tone
🕵🏼,1f575_1f3fc,86,113,78,detective: medium-light skin tone
🕵🏽,1f575_1f3fd,84,112,75,detective: medium skin tone
🕵🏾,1f575_1f3fe,83,110,73,detective: medium-dark skin tone
🕵🏿,1f575_1f3ff,79,107,73,detective: dark skin tone
🕵️‍♂️,1f575_fe0f_200d_2642_fe0f,87,116,73,man detective
🕵🏻‍♂️,1f575_1f3fb_200d_2642_fe0f,86,115,80,man detective: light skin tone
🕵🏼‍♂️,1f575_1f3fc_200d_2642_fe0f,85,113,78,man detective: medium-light skin tone
🕵🏽‍♂️,1f575_1f3fd_200d_2642_fe0f,83,111,75,man detective: medium skin tone
🕵🏾‍♂️,1f575_1f3fe_200d_2642_fe0f,82,110,73,man detective: medium-dark skin tone
🕵🏿‍♂️,1f575_1f3ff_200d_2642_fe0f,79,107,73,man detective: dark skin tone
🕵️‍♀️,1f575_fe0f_200d_2640_fe0f,89,117,72,woman detective
🕵🏻‍♀️,1f575_1f3fb_200d_2640_fe0f,88,115,80,woman detective: light skin tone
🕵🏼‍♀️,1f575_1f3fc_200d_2640_fe0f,87,114,78,woman detective: medium-light skin tone
🕵🏽‍♀️,1f575_1f3fd_200d_2640_fe0f,84,112,75,woman detective: medium skin tone
🕵🏾‍♀️,1f575_1f3fe_200d_2640_fe0f,83,110,73,woman detective: medium-dark skin tone
🕵🏿‍♀️,1f575_1f3ff_200d_2640_fe0f,80,107,73,woman detective: dark skin tone
💂,1f482,89,110,71,guard
💂🏻,1f482_1f3fb,88,109,78,guard: light skin tone
💂🏼,1f482_1f3fc,87,107,76,guard: medium-light skin tone
💂🏽,1f482_1f3fd,85,106,74,guard: medium skin tone
💂🏾,1f482_1f3fe,84,104,71,guard: medium-dark skin tone
💂🏿,1f482_1f3ff,80,101,71,guard: dark skin tone
💂‍♂️,1f482_200d_2642_fe0f,87,105,70,man guard
💂🏻‍♂️,1f482_1f3fb_200d_2642_fe0f,87,104,75,man guard: light skin tone
💂🏼‍♂️,1f482_1f3fc_200d_2642_fe0f,86,103,73,man guard: medium-light skin tone
💂🏽‍♂️,1f482_1f3fd_200d_2642_fe0f,85,102,72,man guard: medium skin tone
💂🏾‍♂️,1f482_1f3fe_200d_2642_fe0f,84,101,71,man guard: medium-dark skin tone
💂🏿‍♂️,1f482_1f3ff_200d_2642_fe0f,82,100,70,man guard: dark skin tone
💂‍♀️,1f482_200d_2640_fe0f,89,110,70,woman guard
💂🏻‍♀️,1f482_1f3fb_200d_2640_fe0f,89,109,78,woman guard: light skin tone
💂🏼‍♀️,1f482_1f3fc_200d_2640_fe0f,88,108,76,woman guard: medium-light skin tone
💂🏽‍♀️,1f482_1f3fd_200d_2640_fe0f,85,105,73,woman guard: medium skin tone
💂🏾‍♀️,1f482_1f3fe_200d_2640_fe0f,84,104,71,woman guard: medium-dark skin tone
💂🏿‍♀️,1f482_1f3ff_200d_2640_fe0f,81,101,71,woman guard: dark skin tone
🥷,1f977,76,108,71,ninja
🥷🏻,1f977_1f3fb,76,107,77,ninja: light skin tone
🥷🏼,1f977_1f3fc,75,105,75,ninja: medium-light skin tone
🥷🏽,1f977_1f3fd,73,104,73,ninja: medium skin tone
🥷🏾,1f977_1f3fe,72,103,71,ninja: medium-dark skin tone
🥷🏿,1f977_1f3ff,70,101,71,ninja: dark skin tone
👷,1f477,89,121,75,construction worker
👷🏻,1f477_1f3fb,89,120,83,construction worker: light skin tone
👷🏼,1f477_1f3fc,88,119,80,construction worker: medium-light skin tone
👷🏽,1f477_1f3fd,86,117,78,construction worker: medium skin tone
👷🏾,1f477_1f3fe,85,115,76,construction worker: medium-dark skin tone
👷🏿,1f477_1f3ff,81,113,75,construction worker: dark skin tone
👷‍♂️,1f477_200d_2642_fe0f,90,122,75,man construction worker
👷🏻‍♂️,1f477_1f3fb_200d_2642_fe0f,90,121,83,man construction worker: light skin tone
👷🏼‍♂️,1f477_1f3fc_200d_2642_fe0f,89,119,80,man construction worker: medium-light skin tone
👷🏽‍♂️,1f477_1f3fd_200d_2642_fe0f,86,117,78,man construction worker: medium skin tone
👷🏾‍♂️,1f477_1f3fe_200d_2642_fe0f,85,116,76,man construction worker: medium-dark skin tone
👷🏿‍♂️,1f477_1f3ff_200d_2642_fe0f,82,113,75,man construction worker: dark skin tone
👷‍♀️,1f477_200d_2640_fe0f,90,121,74,woman construction worker
👷🏻‍♀️,1f477_1f3fb_200d_2640_fe0f,90,121,83,woman construction worker: light skin tone
👷🏼‍♀️,1f477_1f3fc_200d_2640_fe0f,90,120,80,woman construction worker: medium-light skin tone
👷🏽‍♀️,1f477_1f3fd_200d_2640_fe0f,87,116,78,woman construction worker: medium skin tone
👷🏾‍♀️,1f477_1f3fe_200d_2640_fe0f,85,116,76,woman construction worker: medium-dark skin tone
👷🏿‍♀️,1f477_1f3ff_200d_2640_fe0f,82,113,75,woman construction worker: dark skin tone
🫅,1fac5,95,128,82,person with crown
🫅🏻,1fac5_1f3fb,91,125,93,person with crown: light skin tone
🫅🏼,1fac5_1f3fc,93,127,89,person with crown: medium-light skin tone
🫅🏽,1fac5_1f3fd,85,118,87,person with crown: medium skin tone
🫅🏾,1fac5_1f3fe,83,119,86,person with crown: medium-dark skin tone
🫅🏿,1fac5_1f3ff,79,116,85,person with crown: dark skin tone
🤴,1f934,95,120,77,prince
🤴🏻,1f934_1f3fb,92,118,85,prince: light skin tone
🤴🏼,1f934_1f3fc,93,119,82,prince: medium-light skin tone
🤴🏽,1f934_1f3fd,88,113,80,prince: medium skin tone
🤴🏾,1f934_1f3fe,87,113,79,prince: medium-dark skin tone
🤴🏿,1f934_1f3ff,83,110,78,prince: dark skin tone
👸,1f478,101,124,72,princess
👸🏻,1f478_1f3fb,96,119,84,princess: light skin tone
👸🏼,1f478_1f3fc,99,123,79,princess: medium-light skin tone
👸🏽,1f478_1f3fd,87,111,76,princess: medium skin tone
👸🏾,1f478_1f3fe,85,112,75,princess: medium-dark skin tone
👸🏿,1f478_1f3ff,79,108,74,princess: dark skin tone
👳,1f473,89,125,72,person wearing turban
👳🏻,1f473_1f3fb,88,123,79,person wearing turban: light skin tone
👳🏼,1f473_1f3fc,86,121,77,person wearing turban: medium-light skin tone
👳🏽,1f473_1f3fd,85,120,74,person wearing turban: medium skin tone
👳🏾,1f473_1f3fe,84,118,72,person wearing turban: medium-dark skin tone
👳🏿,1f473_1f3ff,80,116,72,person wearing turban: dark skin tone
👳‍♂️,1f473_200d_2642_fe0f,87,122,75,man wearing turban
👳🏻‍♂️,1f473_1f3fb_200d_2642_fe0f,88,122,79,man wearing turban: light skin tone
👳🏼‍♂️,1f473_1f3fc_200d_2642_fe0f,90,124,78,man wearing turban: medium-light skin tone
👳🏽‍♂️,1f473_1f3fd_200d_2642_fe0f,86,120,77,man wearing turban: medium skin tone
👳🏾‍♂️,1f473_1f3fe_200d_2642_fe0f,85,121,77,man wearing turban: medium-dark skin tone
👳🏿‍♂️,1f473_1f3ff_200d_2642_fe0f,83,119,76,man wearing turban: dark skin tone
👳‍♀️,1f473_200d_2640_fe0f,89,125,72,woman wearing turban
👳🏻‍♀️,1f473_1f3fb_200d_2640_fe0f,88,123,79,woman wearing turban: light skin tone
👳🏼‍♀️,1f473_1f3fc_200d_2640_fe0f,86,121,77,woman wearing turban: medium-light skin tone
👳🏽‍♀️,1f473_1f3fd_200d_2640_fe0f,85,120,74,woman wearing turban: medium skin tone
👳🏾‍♀️,1f473_1f3fe_200d_2640_fe0f,84,118,72,woman wearing turban: medium-dark skin tone
👳🏿‍♀️,1f473_1f3ff_200d_2640_fe0f,80,116,72,woman wearing turban: dark skin tone
👲,1f472,121,132,63,person with skullcap
👲🏻,1f472_1f3fb,120,128,92,person with skullcap: light skin tone
👲🏼,1f472_1f3fc,115,121,83,person with skullcap: medium-light skin tone
👲🏽,1f472_1f3fd,109,115,75,person with skullcap: medium skin tone
👲🏾,1f472_1f3fe,103,108,66,person with skullcap: medium-dark skin tone
👲🏿,1f472_1f3ff,91,98,64,person with skullcap: dark skin tone
🧕,1f9d5,91,118,87,woman with headscarf
🧕🏻,1f9d5_1f3fb,91,116,94,woman with headscarf: light skin tone
🧕🏼,1f9d5_1f3fc,90,114,92,woman with headscarf: medium-light skin tone
🧕🏽,1f9d5_1f3fd,88,113,89,woman with headscarf: medium skin tone
🧕🏾,1f9d5_1f3fe,86,111,87,woman with headscarf: medium-dark skin tone
🧕🏿,1f9d5_1f3ff,83,108,87,woman with headscarf: dark skin tone
🤵,1f935,88,114,69,person in tuxedo
🤵🏻,1f935_1f3fb,87,113,79,person in tuxedo: light skin tone
🤵🏼,1f935_1f3fc,92,119,75,person in tuxedo: medium-light skin tone
🤵🏽,1f935_1f3fd,79,105,72,person in tuxedo: medium skin tone
🤵🏾,1f935_1f3fe,77,107,73,person in tuxedo: medium-dark skin tone
🤵🏿,1f935_1f3ff,72,104,72,person in tuxedo: dark skin tone
🤵‍♂️,1f935_200d_2642_fe0f,89,118,72,man in tuxedo
🤵🏻‍♂️,1f935_1f3fb_200d_2642_fe0f,86,115,81,man in tuxedo: light skin tone
🤵🏼‍♂️,1f935_1f3fc_200d_2642_fe0f,87,117,78,man in tuxedo: medium-light skin tone
🤵🏽‍♂️,1f935_1f3fd_200d_2642_fe0f,80,109,75,man in tuxedo: medium skin tone
🤵🏾‍♂️,1f935_1f3fe_200d_2642_fe0f,77,109,74,man in tuxedo: medium-dark skin tone
🤵🏿‍♂️,1f935_1f3ff_200d_2642_fe0f,73,105,73,man in tuxedo: dark skin tone
🤵‍♀️,1f935_200d_2640_fe0f,100,122,66,woman in tuxedo
🤵🏻‍♀️,1f935_1f3fb_200d_2640_fe0f,90,112,77,woman in tuxedo: light skin tone
🤵🏼‍♀️,1f935_1f3fc_200d_2640_fe0f,98,124,73,woman in tuxedo: medium-light skin tone
🤵🏽‍♀️,1f935_1f3fd_200d_2640_fe0f,80,103,71,woman in tuxedo: medium skin tone
🤵🏾‍♀️,1f935_1f3fe_200d_2640_fe0f,77,108,73,woman in tuxedo: medium-dark skin tone
🤵🏿‍♀️,1f935_1f3ff_200d_2640_fe0f,73,104,73,woman in tuxedo: dark skin tone
👰,1f470,114,135,86,person with veil
👰🏻,1f470_1f3fb,113,133,102,person with veil: light skin tone
👰🏼,1f470_1f3fc,115,137,96,person with veil: medium-light skin tone
👰🏽,1f470_1f3fd,103,123,92,person with veil: medium skin tone
👰🏾,1f470_1f3fe,102,125,92,person with veil: medium-dark skin tone
👰🏿,1f470_1f3ff,94,119,90,person with veil: dark skin tone
👰‍♂️,1f470_200d_2642_fe0f,114,138,86,man with veil
👰🏻‍♂️,1f470_1f3fb_200d_2642_fe0f,110,133,102,man with veil: light skin tone
👰🏼‍♂️,1f470_1f3fc_200d_2642_fe0f,110,133,97,man with veil: medium-light skin tone
👰🏽‍♂️,1f470_1f3fd_200d_2642_fe0f,102,124,93,man with veil: medium skin tone
👰🏾‍♂️,1f470_1f3fe_200d_2642_fe0f,100,124,90,man with veil: medium-dark skin tone
👰🏿‍♂️,1f470_1f3ff_200d_2642_fe0f,93,118,89,man with veil: dark skin tone
👰‍♀️,1f470_200d_2640_fe0f,108,134,84,woman with veil
👰🏻‍♀️,1f470_1f3fb_200d_2640_fe0f,107,131,99,woman with veil: light skin tone
👰🏼‍♀️,1f470_1f3fc_200d_2640_fe0f,108,132,94,woman with veil: medium-light skin tone
👰🏽‍♀️,1f470_1f3fd_200d_2640_fe0f,99,122,89,woman with veil: medium skin tone
👰🏾‍♀️,1f470_1f3fe_200d_2640_fe0f,97,122,88,woman with veil: medium-dark skin tone
👰🏿‍♀️,1f470_1f3ff_200d_2640_fe0f,90,117,87,woman with veil: dark skin tone
🤰,1f930,81,118,84,pregnant woman
🤰🏻,1f930_1f3fb,81,117,87,pregnant woman: light skin tone
🤰🏼,1f930_1f3fc,82,118,86,pregnant woman: medium-light skin tone
🤰🏽,1f930_1f3fd,78,115,85,pregnant woman: medium skin tone
🤰🏾,1f930_1f3fe,78,115,85,pregnant woman: medium-dark skin tone
🤰🏿,1f930_1f3ff,76,114,85,pregnant woman: dark skin tone
🫃,1fac3,82,119,85,pregnant man
🫃🏻,1fac3_1f3fb,81,118,89,pregnant man: light skin tone
🫃🏼,1fac3_1f3fc,81,118,88,pregnant man: medium-light skin tone
🫃🏽,1fac3_1f3fd,80,116,87,pregnant man: medium skin tone
🫃🏾,1fac3_1f3fe,79,116,86,pregnant man: medium-dark skin tone
🫃🏿,1fac3_1f3ff,77,115,86,pregnant man: dark skin tone
🫄,1fac4,82,119,83,pregnant person
🫄🏻,1fac4_1f3fb,80,117,87,pregnant person: light skin tone
🫄🏼,1fac4_1f3fc,81,118,86,pregnant person: medium-light skin tone
🫄🏽,1fac4_1f3fd,78,115,85,pregnant person: medium skin tone
🫄🏾,1fac4_1f3fe,77,115,85,pregnant person: medium-dark skin tone
🫄🏿,1fac4_1f3ff,76,114,85,pregnant person: dark skin tone
🤱,1f931,103,125,71,breast-feeding
🤱🏻,1f931_1f3fb,102,123,88,breast-feeding: light skin tone
🤱🏼,1f931_1f3fc,103,125,82,breast-feeding: medium-light skin tone
🤱🏽,1f931_1f3fd,92,113,77,breast-feeding: medium skin tone
🤱🏾,1f931_1f3fe,90,113,75,breast-feeding: medium-dark skin tone
🤱🏿,1f931_1f3ff,82,106,73,breast-feeding: dark skin tone
👩‍🍼,1f469_200d_1f37c,100,125,69,woman feeding baby
👩🏻‍🍼,1f469_1f3fb_200d_1f37c,99,122,83,woman feeding baby: light skin tone
👩🏼‍🍼,1f469_1f3fc_200d_1f37c,103,128,78,woman feeding baby: medium-light skin tone
👩🏽‍🍼,1f469_1f3fd_200d_1f37c,89,112,74,woman feeding baby: medium skin tone
👩🏾‍🍼,1f469_1f3fe_200d_1f37c,86,115,73,woman feeding baby: medium-dark skin tone
👩🏿‍🍼,1f469_1f3ff_200d_1f37c,80,109,72,woman feeding baby: dark skin tone
👨‍🍼,1f468_200d_1f37c,94,125,68,man feeding baby
👨🏻‍🍼,1f468_1f3fb_200d_1f37c,93,123,81,man feeding baby: light skin tone
👨🏼‍🍼,1f468_1f3fc_200d_1f37c,94,124,77,man feeding baby: medium-light skin tone
👨🏽‍🍼,1f468_1f3fd_200d_1f37c,86,115,73,man feeding baby: medium skin tone
👨🏾‍🍼,1f468_1f3fe_200d_1f37c,84,115,70,man feeding baby: medium-dark skin tone
👨🏿‍🍼,1f468_1f3ff_200d_1f37c,78,110,69,man feeding baby: dark skin tone
🧑‍🍼,1f9d1_200d_1f37c,99,123,67,person feeding baby
🧑🏻‍🍼,1f9d1_1f3fb_200d_1f37c,98,121,80,person feeding baby: light skin tone
🧑🏼‍🍼,1f9d1_1f3fc_200d_1f37c,100,123,75,person feeding baby: medium-light skin tone
🧑🏽‍🍼,1f9d1_1f3fd_200d_1f37c,90,112,72,person feeding baby: medium skin tone
🧑🏾‍🍼,1f9d1_1f3fe_200d_1f37c,88,113,70,person feeding baby: medium-dark skin tone
🧑🏿‍🍼,1f9d1_1f3ff_200d_1f37c,82,108,69,person feeding baby: dark skin tone
👼,1f47c,112,138,70,baby angel
👼🏻,1f47c_1f3fb,111,134,100,baby angel: light skin tone
👼🏼,1f47c_1f3fc,105,127,91,baby angel: medium-light skin tone
👼🏽,1f47c_1f3fd,98,119,82,baby angel: medium skin tone
👼🏾,1f47c_1f3fe,93,113,73,baby angel: medium-dark skin tone
👼🏿,1f47c_1f3ff,80,102,71,baby angel: dark skin tone
🎅,1f385,101,116,83,Santa Claus
🎅🏻,1f385_1f3fb,101,116,86,Santa Claus: light skin tone
🎅🏼,1f385_1f3fc,100,115,85,Santa Claus: medium-light skin tone
🎅🏽,1f385_1f3fd,100,114,84,Santa Claus: medium skin tone
🎅🏾,1f385_1f3fe,99,114,83,Santa Claus: medium-dark skin tone
🎅🏿,1f385_1f3ff,98,113,83,Santa Claus: dark skin tone
🤶,1f936,99,119,82,Mrs. Claus
🤶🏻,1f936_1f3fb,98,117,87,Mrs. Claus: light skin tone
🤶🏼,1f936_1f3fc,97,116,85,Mrs. Claus: medium-light skin tone
🤶🏽,1f936_1f3fd,96,115,84,Mrs. Claus: medium skin tone
🤶🏾,1f936_1f3fe,95,114,82,Mrs. Claus: medium-dark skin tone
🤶🏿,1f936_1f3ff,93,112,82,Mrs. Claus: dark skin tone
🧑‍🎄,1f9d1_200d_1f384,101,115,77,Mx Claus
🧑🏻‍🎄,1f9d1_1f3fb_200d_1f384,101,114,84,Mx Claus: light skin tone
🧑🏼‍🎄,1f9d1_1f3fc_200d_1f384,101,114,81,Mx Claus: medium-light skin tone
🧑🏽‍🎄,1f9d1_1f3fd_200d_1f384,97,110,79,Mx Claus: medium skin tone
🧑🏾‍🎄,1f9d1_1f3fe_200d_1f384,97,110,78,Mx Claus: medium-dark skin tone
🧑🏿‍🎄,1f9d1_1f3ff_200d_1f384,94,108,78,Mx Claus: dark skin tone
🦸,1f9b8,88,115,70,superhero
🦸🏻,1f9b8_1f3fb,85,112,76,superhero: light skin tone
🦸🏼,1f9b8_1f3fc,87,115,74,superhero: medium-light skin tone
🦸🏽,1f9b8_1f3fd,80,107,72,superhero: medium skin tone
🦸🏾,1f9b8_1f3fe,78,108,72,superhero: medium-dark skin tone
🦸🏿,1f9b8_1f3ff,75,106,71,superhero: dark skin tone
🦸‍♂️,1f9b8_200d_2642_fe0f,88,115,70,man superhero
🦸🏻‍♂️,1f9b8_1f3fb_200d_2642_fe0f,84,112,77,man superhero: light skin tone
🦸🏼‍♂️,1f9b8_1f3fc_200d_2642_fe0f,86,115,74,man superhero: medium-light skin tone
🦸🏽‍♂️,1f9b8_1f3fd_200d_2642_fe0f,80,108,72,man superhero: medium skin tone
🦸🏾‍♂️,1f9b8_1f3fe_200d_2642_fe0f,78,108,72,man superhero: medium-dark skin tone
🦸🏿‍♂️,1f9b8_1f3ff_200d_2642_fe0f,75,106,71,man superhero: dark skin tone
🦸‍♀️,1f9b8_200d_2640_fe0f,102,119,69,woman superhero
🦸🏻‍♀️,1f9b8_1f3fb_200d_2640_fe0f,91,112,74,woman superhero: light skin tone
🦸🏼‍♀️,1f9b8_1f3fc_200d_2640_fe0f,101,125,70,woman superhero: medium-light skin tone
🦸🏽‍♀️,1f9b8_1f3fd_200d_2640_fe0f,82,103,69,woman superhero: medium skin tone
🦸🏾‍♀️,1f9b8_1f3fe_200d_2640_fe0f,78,108,72,woman superhero: medium-dark skin tone
🦸🏿‍♀️,1f9b8_1f3ff_200d_2640_fe0f,76,106,71,woman superhero: dark skin tone
🦹,1f9b9,82,113,68,supervillain
🦹🏻,1f9b9_1f3fb,79,110,73,supervillain: light skin tone
🦹🏼,1f9b9_1f3fc,81,113,71,supervillain: medium-light skin tone
🦹🏽,1f9b9_1f3fd,75,106,70,supervillain: medium skin tone
🦹🏾,1f9b9_1f3fe,73,107,70,supervillain: medium-dark skin tone
🦹🏿,1f9b9_1f3ff,71,106,70,supervillain: dark skin tone
🦹‍♂️,1f9b9_200d_2642_fe0f,82,113,69,man supervillain
🦹🏻‍♂️,1f9b9_1f3fb_200d_2642_fe0f,79,110,73,man supervillain: light skin tone
🦹🏼‍♂️,1f9b9_1f3fc_200d_2642_fe0f,81,113,72,man supervillain: medium-light skin tone
🦹🏽‍♂️,1f9b9_1f3fd_200d_2642_fe0f,75,106,70,man supervillain: medium skin tone
🦹🏾‍♂️,1f9b9_1f3fe_200d_2642_fe0f,73,107,70,man supervillain: medium-dark skin tone
🦹🏿‍♂️,1f9b9_1f3ff_200d_2642_fe0f,71,105,70,man supervillain: dark skin tone
🦹‍♀️,1f9b9_200d_2640_fe0f,87,114,69,woman supervillain
🦹🏻‍♀️,1f9b9_1f3fb_200d_2640_fe0f,81,109,72,woman supervillain: light skin tone
🦹🏼‍♀️,1f9b9_1f3fc_200d_2640_fe0f,87,117,70,woman supervillain: medium-light skin tone
🦹🏽‍♀️,1f9b9_1f3fd_200d_2640_fe0f,75,104,69,woman supervillain: medium skin tone
🦹🏾‍♀️,1f9b9_1f3fe_200d_2640_fe0f,73,107,70,woman supervillain: medium-dark skin tone
🦹🏿‍♀️,1f9b9_1f3ff_200d_2640_fe0f,71,106,70,woman supervillain: dark skin tone
🧙,1f9d9,89,129,98,mage
🧙🏻,1f9d9_1f3fb,88,128,104,mage: light skin tone
🧙🏼,1f9d9_1f3fc,87,126,102,mage: medium-light skin tone
🧙🏽,1f9d9_1f3fd,85,124,100,mage: medium skin tone
🧙🏾,1f9d9_1f3fe,84,123,98,mage: medium-dark skin tone
🧙🏿,1f9d9_1f3ff,81,121,98,mage: dark skin tone
🧙‍♂️,1f9d9_200d_2642_fe0f,89,129,105,man mage
🧙🏻‍♂️,1f9d9_1f3fb_200d_2642_fe0f,87,124,99,man mage: light skin tone
🧙🏼‍♂️,1f9d9_1f3fc_200d_2642_fe0f,91,130,97,man mage: medium-light skin tone
🧙🏽‍♂️,1f9d9_1f3fd_200d_2642_fe0f,83,120,97,man mage: medium skin tone
🧙🏾‍♂️,1f9d9_1f3fe_200d_2642_fe0f,81,123,100,man mage: medium-dark skin tone
🧙🏿‍♂️,1f9d9_1f3ff_200d_2642_fe0f,81,123,100,man mage: dark skin tone
🧙‍♀️,1f9d9_200d_2640_fe0f,96,133,103,woman mage
🧙🏻‍♀️,1f9d9_1f3fb_200d_2640_fe0f,93,126,101,woman mage: light skin tone
🧙🏼‍♀️,1f9d9_1f3fc_200d_2640_fe0f,97,132,98,woman mage: medium-light skin tone
🧙🏽‍♀️,1f9d9_1f3fd_200d_2640_fe0f,87,120,96,woman mage: medium skin tone
🧙🏾‍♀️,1f9d9_1f3fe_200d_2640_fe0f,85,123,98,woman mage: medium-dark skin tone
🧙🏿‍♀️,1f9d9_1f3ff_200d_2640_fe0f,82,121,98,woman mage: dark skin tone
🧚,1f9da,107,131,66,fairy
🧚🏻,1f9da_1f3fb,103,126,78,fairy: light skin tone
🧚🏼,1f9da_1f3fc,104,128,74,fairy: medium-light skin tone
🧚🏽,1f9da_1f3fd,95,118,70,fairy: medium skin tone
🧚🏾,1f9da_1f3fe,93,119,68,fairy: medium-dark skin tone
🧚🏿,1f9da_1f3ff,87,114,67,fairy: dark skin tone
🧚‍♂️,1f9da_200d_2642_fe0f,107,131,66,man fairy
🧚🏻‍♂️,1f9da_1f3fb_200d_2642_fe0f,103,127,79,man fairy: light skin tone
🧚🏼‍♂️,1f9da_1f3fc_200d_2642_fe0f,104,128,74,man fairy: medium-light skin tone
🧚🏽‍♂️,1f9da_1f3fd_200d_2642_fe0f,96,119,70,man fairy: medium skin tone
🧚🏾‍♂️,1f9da_1f3fe_200d_2642_fe0f,93,119,68,man fairy: medium-dark skin tone
🧚🏿‍♂️,1f9da_1f3ff_200d_2642_fe0f,88,114,67,man fairy: dark skin tone
🧚‍♀️,1f9da_200d_2640_fe0f,112,132,65,woman fairy
🧚🏻‍♀️,1f9da_1f3fb_200d_2640_fe0f,105,125,77,woman fairy: light skin tone
🧚🏼‍♀️,1f9da_1f3fc_200d_2640_fe0f,110,132,72,woman fairy: medium-light skin tone
🧚🏽‍♀️,1f9da_1f3fd_200d_2640_fe0f,96,116,69,woman fairy: medium skin tone
🧚🏾‍♀️,1f9da_1f3fe_200d_2640_fe0f,93,119,68,woman fairy: medium-dark skin tone
🧚🏿‍♀️,1f9da_1f3ff_200d_2640_fe0f,88,115,67,woman fairy: dark skin tone
🧛,1f9db,87,109,68,vampire
🧛🏻,1f9db_1f3fb,91,110,78,vampire: light skin tone
🧛🏼,1f9db_1f3fc,93,113,74,vampire: medium-light skin tone
🧛🏽,1f9db_1f3fd,85,104,71,vampire: medium skin tone
🧛🏾,1f9db_1f3fe,83,104,70,vampire: medium-dark skin tone
🧛🏿,1f9db_1f3ff,79,101,69,vampire: dark skin tone
🧛‍♂️,1f9db_200d_2642_fe0f,88,110,68,man vampire
🧛🏻‍♂️,1f9db_1f3fb_200d_2642_fe0f,91,110,78,man vampire: light skin tone
🧛🏼‍♂️,1f9db_1f3fc_200d_2642_fe0f,93,112,74,man vampire: medium-light skin tone
🧛🏽‍♂️,1f9db_1f3fd_200d_2642_fe0f,85,104,72,man vampire: medium skin tone
🧛🏾‍♂️,1f9db_1f3fe_200d_2642_fe0f,83,104,70,man vampire: medium-dark skin tone
🧛🏿‍♂️,1f9db_1f3ff_200d_2642_fe0f,79,100,69,man vampire: dark skin tone
🧛‍♀️,1f9db_200d_2640_fe0f,86,106,68,woman vampire
🧛🏻‍♀️,1f9db_1f3fb_200d_2640_fe0f,93,109,76,woman vampire: light skin tone
🧛🏼‍♀️,1f9db_1f3fc_200d_2640_fe0f,98,116,72,woman vampire: medium-light skin tone
🧛🏽‍♀️,1f9db_1f3fd_200d_2640_fe0f,85,102,70,woman vampire: medium skin tone
🧛🏾‍♀️,1f9db_1f3fe_200d_2640_fe0f,83,104,70,woman vampire: medium-dark skin tone
🧛🏿‍♀️,1f9db_1f3ff_200d_2640_fe0f,79,100,69,woman vampire: dark skin tone
🧜,1f9dc,86,121,70,merperson
🧜🏻,1f9dc_1f3fb,85,119,79,merperson: light skin tone
🧜🏼,1f9dc_1f3fc,84,119,76,merperson: medium-light skin tone
🧜🏽,1f9dc_1f3fd,80,114,73,merperson: medium skin tone
🧜🏾,1f9dc_1f3fe,78,114,71,merperson: medium-dark skin tone
🧜🏿,1f9dc_1f3ff,75,111,71,merperson: dark skin tone
🧜‍♂️,1f9dc_200d_2642_fe0f,83,122,81,merman
🧜🏻‍♂️,1f9dc_1f3fb_200d_2642_fe0f,83,120,90,merman: light skin tone
🧜🏼‍♂️,1f9dc_1f3fc_200d_2642_fe0f,81,118,87,merman: medium-light skin tone
🧜🏽‍♂️,1f9dc_1f3fd_200d_2642_fe0f,79,116,84,merman: medium skin tone
🧜🏾‍♂️,1f9dc_1f3fe_200d_2642_fe0f,78,114,82,merman: medium-dark skin tone
🧜🏿‍♂️,1f9dc_1f3ff_200d_2642_fe0f,74,111,81,merman: dark skin tone
🧜‍♀️,1f9dc_200d_2640_fe0f,94,118,76,mermaid
🧜🏻‍♀️,1f9dc_1f3fb_200d_2640_fe0f,91,116,84,mermaid: light skin tone
🧜🏼‍♀️,1f9dc_1f3fc_200d_2640_fe0f,92,117,81,mermaid: medium-light skin tone
🧜🏽‍♀️,1f9dc_1f3fd_200d_2640_fe0f,86,111,79,mermaid: medium skin tone
🧜🏾‍♀️,1f9dc_1f3fe_200d_2640_fe0f,85,111,78,mermaid: medium-dark skin tone
🧜🏿‍♀️,1f9dc_1f3ff_200d_2640_fe0f,81,108,77,mermaid: dark skin tone
🧝,1f9dd,99,124,68,elf
🧝🏻,1f9dd_1f3fb,93,119,77,elf: light skin tone
🧝🏼,1f9dd_1f3fc,98,126,74,elf: medium-light skin tone
🧝🏽,1f9dd_1f3fd,85,111,71,elf: medium skin tone
🧝🏾,1f9dd_1f3fe,83,114,70,elf: medium-dark skin tone
🧝🏿,1f9dd_1f3ff,78,110,70,elf: dark skin tone
🧝‍♂️,1f9dd_200d_2642_fe0f,98,125,77,man elf
🧝🏻‍♂️,1f9dd_1f3fb_200d_2642_fe0f,92,120,87,man elf: light skin tone
🧝🏼‍♂️,1f9dd_1f3fc_200d_2642_fe0f,97,126,83,man elf: medium-light skin tone
🧝🏽‍♂️,1f9dd_1f3fd_200d_2642_fe0f,84,112,80,man elf: medium skin tone
🧝🏾‍♂️,1f9dd_1f3fe_200d_2642_fe0f,82,114,81,man elf: medium-dark skin tone
🧝🏿‍♂️,1f9dd_1f3ff_200d_2642_fe0f,77,110,80,man elf: dark skin tone
🧝‍♀️,1f9dd_200d_2640_fe0f,113,125,73,woman elf
🧝🏻‍♀️,1f9dd_1f3fb_200d_2640_fe0f,103,117,83,woman elf: light skin tone
🧝🏼‍♀️,1f9dd_1f3fc_200d_2640_fe0f,111,129,78,woman elf: medium-light skin tone
🧝🏽‍♀️,1f9dd_1f3fd_200d_2640_fe0f,92,107,76,woman elf: medium skin tone
🧝🏾‍♀️,1f9dd_1f3fe_200d_2640_fe0f,90,112,78,woman elf: medium-dark skin tone
🧝🏿‍♀️,1f9dd_1f3ff_200d_2640_fe0f,84,107,77,woman elf: dark skin tone
🧞,1f9de,90,126,79,genie
🧞‍♂️,1f9de_200d_2642_fe0f,85,125,101,man genie
🧞‍♀️,1f9de_200d_2640_fe0f,93,113,87,woman genie
🧟,1f9df,83,119,78,zombie
🧟‍♂️,1f9df_200d_2642_fe0f,82,117,78,man zombie
🧟‍♀️,1f9df_200d_2640_fe0f,81,112,76,woman zombie
🧌,1f9cc,90,124,68,troll
🫈,1fac8,128,128,128,hairy creature
💆,1f486,101,133,82,person getting massage
💆🏻,1f486_1f3fb,97,128,98,person getting massage: light skin tone
💆🏼,1f486_1f3fc,97,128,93,person getting massage: medium-light skin tone
💆🏽,1f486_1f3fd,89,119,88,person getting massage: medium skin tone
💆🏾,1f486_1f3fe,86,118,85,person getting massage: medium-dark skin tone
💆🏿,1f486_1f3ff,79,112,84,person getting massage: dark skin tone
💆‍♂️,1f486_200d_2642_fe0f,101,133,82,man getting massage
💆🏻‍♂️,1f486_1f3fb_200d_2642_fe0f,97,128,98,man getting massage: light skin tone
💆🏼‍♂️,1f486_1f3fc_200d_2642_fe0f,97,128,93,man getting massage: medium-light skin tone
💆🏽‍♂️,1f486_1f3fd_200d_2642_fe0f,89,119,88,man getting massage: medium skin tone
💆🏾‍♂️,1f486_1f3fe_200d_2642_fe0f,86,118,85,man getting massage: medium-dark skin tone
💆🏿‍♂️,1f486_1f3ff_200d_2642_fe0f,79,112,84,man getting massage: dark skin tone
💆‍♀️,1f486_200d_2640_fe0f,111,137,78,woman getting massage
💆🏻‍♀️,1f486_1f3fb_200d_2640_fe0f,102,127,96,woman getting massage: light skin tone
💆🏼‍♀️,1f486_1f3fc_200d_2640_fe0f,108,135,90,woman getting massage: medium-light skin tone
💆🏽‍♀️,1f486_1f3fd_200d_2640_fe0f,91,116,86,woman getting massage: medium skin tone
💆🏾‍♀️,1f486_1f3fe_200d_2640_fe0f,87,119,86,woman getting massage: medium-dark skin tone
💆🏿‍♀️,1f486_1f3ff_200d_2640_fe0f,80,112,85,woman getting massage: dark skin tone
💇,1f487,98,129,84,person getting haircut
💇🏻,1f487_1f3fb,94,125,95,person getting haircut: light skin tone
💇🏼,1f487_1f3fc,96,128,92,person getting haircut: medium-light skin tone
💇🏽,1f487_1f3fd,87,118,89,person getting haircut: medium skin tone
💇🏾,1f487_1f3fe,85,119,89,person getting haircut: medium-dark skin tone
💇🏿,1f487_1f3ff,81,116,88,person getting haircut: dark skin tone
💇‍♂️,1f487_200d_2642_fe0f,98,130,85,man getting haircut
💇🏻‍♂️,1f487_1f3fb_200d_2642_fe0f,94,125,96,man getting haircut: light skin tone
💇🏼‍♂️,1f487_1f3fc_200d_2642_fe0f,96,128,92,man getting haircut: medium-light skin tone
💇🏽‍♂️,1f487_1f3fd_200d_2642_fe0f,87,118,89,man getting haircut: medium skin tone
💇🏾‍♂️,1f487_1f3fe_200d_2642_fe0f,85,119,89,man getting haircut: medium-dark skin tone
💇🏿‍♂️,1f487_1f3ff_200d_2642_fe0f,81,116,88,man getting haircut: dark skin tone
💇‍♀️,1f487_200d_2640_fe0f,113,134,80,woman getting haircut
💇🏻‍♀️,1f487_1f3fb_200d_2640_fe0f,101,124,92,woman getting haircut: light skin tone
💇🏼‍♀️,1f487_1f3fc_200d_2640_fe0f,112,138,87,woman getting haircut: medium-light skin tone
💇🏽‍♀️,1f487_1f3fd_200d_2640_fe0f,89,113,85,woman getting haircut: medium skin tone
💇🏾‍♀️,1f487_1f3fe_200d_2640_fe0f,86,120,91,woman getting haircut: medium-dark skin tone
💇🏿‍♀️,1f487_1f3ff_200d_2640_fe0f,81,116,90,woman getting haircut: dark skin tone
🚶,1f6b6,78,116,73,person walking
🚶🏻,1f6b6_1f3fb,78,115,79,person walking: light skin tone
🚶🏼,1f6b6_1f3fc,76,113,77,person walking: medium-light skin tone
🚶🏽,1f6b6_1f3fd,75,112,75,person walking: medium skin tone
🚶🏾,1f6b6_1f3fe,74,110,74,person walking: medium-dark skin tone
🚶🏿,1f6b6_1f3ff,71,108,73,person walking: dark skin tone
🚶‍♂️,1f6b6_200d_2642_fe0f,78,116,73,man walking
🚶🏻‍♂️,1f6b6_1f3fb_200d_2642_fe0f,78,115,79,man walking: light skin tone
🚶🏼‍♂️,1f6b6_1f3fc_200d_2642_fe0f,76,113,77,man walking: medium-light skin tone
🚶🏽‍♂️,1f6b6_1f3fd_200d_2642_fe0f,75,112,75,man walking: medium skin tone
🚶🏾‍♂️,1f6b6_1f3fe_200d_2642_fe0f,74,110,74,man walking: medium-dark skin tone
🚶🏿‍♂️,1f6b6_1f3ff_200d_2642_fe0f,71,108,73,man walking: dark skin tone
🚶‍♀️,1f6b6_200d_2640_fe0f,78,116,73,woman walking
🚶🏻‍♀️,1f6b6_1f3fb_200d_2640_fe0f,78,115,79,woman walking: light skin tone
🚶🏼‍♀️,1f6b6_1f3fc_200d_2640_fe0f,76,113,77,woman walking: medium-light skin tone
🚶🏽‍♀️,1f6b6_1f3fd_200d_2640_fe0f,75,112,75,woman walking: medium skin tone
🚶🏾‍♀️,1f6b6_1f3fe_200d_2640_fe0f,74,110,74,woman walking: medium-dark skin tone
🚶🏿‍♀️,1f6b6_1f3ff_200d_2640_fe0f,71,108,73,woman walking: dark skin tone
🚶‍➡️,1f6b6_200d_27a1_fe0f,128,128,128,person walking: facing right
🚶🏻‍➡️,1f6b6_1f3fb_200d_27a1_fe0f,128,128,128,"person walking: light skin tone, facing right"
🚶🏼‍➡️,1f6b6_1f3fc_200d_27a1_fe0f,128,128,128,"person walking: medium-light skin tone, facing right"
🚶🏽‍➡️,1f6b6_1f3fd_200d_27a1_fe0f,128,128,128,"person walking: medium skin tone, facing right"
🚶🏾‍➡️,1f6b6_1f3fe_200d_27a1_fe0f,128,128,128,"person walking: medium-dark skin tone, facing right"
🚶🏿‍➡️,1f6b6_1f3ff_200d_27a1_fe0f,128,128,128,"person walking: dark skin tone, facing right"
🚶‍♀️‍➡️,1f6b6_200d_2640_fe0f_200d_27a1_fe0f,128,128,128,woman walking: facing right
🚶🏻‍♀️‍➡️,1f6b6_1f3fb_200d_2640_fe0f_200d_27a1_fe0f,128,128,128,"woman walking: light skin tone, facing right"
🚶🏼‍♀️‍➡️,1f6b6_1f3fc_200d_2640_fe0f_200d_27a1_fe0f,128,128,128,"woman walking: medium-light skin tone, facing right"
🚶🏽‍♀️‍➡️,1f6b6_1f3fd_200d_2640_fe0f_200d_27a1_fe0f,128,128,128,"woman walking: medium skin tone, facing right"
🚶🏾‍♀️‍➡️,1f6b6_1f3fe_200d_2640_fe0f_200d_27a1_fe0f,128,128,128,"woman walking: medium-dark skin tone, facing right"
🚶🏿‍♀️‍➡️,1f6b6_1f3ff_200d_2640_fe0f_200d_27a1_fe0f,128,128,128,"woman walking: dark skin tone, facing right"
🚶‍♂️‍➡️,1f6b6_200d_2642_fe0f_200d_27a1_fe0f,128,128,128,man walking: facing right
🚶🏻‍♂️‍➡️,1f6b6_1f3fb_200d_2642_fe0f_200d_27a1_fe0f,128,128,128,"man walking: light skin tone, facing right"
🚶🏼‍♂️‍➡️,1f6b6_1f3fc_200d_2642_fe0f_200d_27a1_fe0f,128,128,128,"man walking: medium-light skin tone, facing right"
🚶🏽‍♂️‍➡️,1f6b6_1f3fd_200d_2642_fe0f_200d_27a1_fe0f,128,128,128,"man walking: medium skin tone, facing right"
🚶🏾‍♂️‍➡️,1f6b6_1f3fe_200d_2642_fe0f_200d_27a1_fe0f,128,128,128,"man walking: medium-dark skin tone, facing right"
🚶🏿‍♂️‍➡️,1f6b6_1f3ff_200d_2642_fe0f_200d_27a1_fe0f,128,128,128,"man walking: dark skin tone, facing right"
🧍,1f9cd,82,118,72,person standing
🧍🏻,1f9cd_1f3fb,81,116,81,person standing: light skin tone
🧍🏼,1f9cd_1f3fc,79,114,78,person standing: medium-light skin tone
🧍🏽,1f9cd_1f3fd,77,112,76,person standing: medium skin tone
🧍🏾,1f9cd_1f3fe,76,110,73,person standing: medium-dark skin tone
🧍🏿,1f9cd_1f3ff,72,107,72,person standing: dark skin tone
🧍‍♂️,1f9cd_200d_2642_fe0f,82,118,72,man standing
🧍🏻‍♂️,1f9cd_1f3fb_200d_2642_fe0f,81,116,81,man standing: light skin tone
🧍🏼‍♂️,1f9cd_1f3fc_200d_2642_fe0f,79,114,78,man standing: medium-light skin tone
🧍🏽‍♂️,1f9cd_1f3fd_200d_2642_fe0f,77,112,76,man standing: medium skin tone
🧍🏾‍♂️,1f9cd_1f3fe_200d_2642_fe0f,76,110,73,man standing: medium-dark skin tone
🧍🏿‍♂️,1f9cd_1f3ff_200d_2642_fe0f,72,107,72,man standing: dark skin tone
🧍‍♀️,1f9cd_200d_2640_fe0f,82,118,72,woman standing
🧍🏻‍♀️,1f9cd_1f3fb_200d_2640_fe0f,81,116,81,woman standing: light skin tone
🧍🏼‍♀️,1f9cd_1f3fc_200d_2640_fe0f,79,114,78,woman standing: medium-light skin tone
🧍🏽‍♀️,1f9cd_1f3fd_200d_2640_fe0f,77,112,76,woman standing: medium skin tone
🧍🏾‍♀️,1f9cd_1f3fe_200d_2640_fe0f,76,110,73,woman standing: medium-dark skin tone
🧍🏿‍♀️,1f9cd_1f3ff_200d_2640_fe0f,72,107,72,woman standing: dark skin tone
🧎,1f9ce,80,117,73,person kneeling
🧎🏻,1f9ce_1f3fb,79,116,81,person kneeling: light skin tone
🧎🏼,1f9ce_1f3fc,78,114,78,person kneeling: medium-light skin tone
🧎🏽,1f9ce_1f3fd,76,112,76,person kneeling: medium skin tone
🧎🏾,1f9ce_1f3fe,75,111,74,person kneeling: medium-dark skin tone
🧎🏿,1f9ce_1f3ff,72,108,73,person kneeling: dark skin tone
🧎‍♂️,1f9ce_200d_2642_fe0f,80,117,73,man kneeling
🧎🏻‍♂️,1f9ce_1f3fb_200d_2642_fe0f,79,116,81,man kneeling: light skin tone
🧎🏼‍♂️,1f9ce_1f3fc_200d_2642_fe0f,78,114,78,man kneeling: medium-light skin tone
🧎🏽‍♂️,1f9ce_1f3fd_200d_2642_fe0f,76,112,76,man kneeling: medium skin tone
🧎🏾‍♂️,1f9ce_1f3fe_200d_2642_fe0f,75,111,74,man kneeling: medium-dark skin tone
🧎🏿‍♂️,1f9ce_1f3ff_200d_2642_fe0f,72,108,73,man kneeling: dark skin tone
🧎‍♀️,1f9ce_200d_2640_fe0f,80,117,73,woman kneeling
🧎🏻‍♀️,1f9ce_1f3fb_200d_2640_fe0f,79,116,81,woman kneeling: light skin tone
🧎🏼‍♀️,1f9ce_1f3fc_200d_2640_fe0f,78,114,78,woman kneeling: medium-light skin tone
🧎🏽‍♀️,1f9ce_1f3fd_200d_2640_fe0f,76,112,76,woman kneeling: medium skin tone
🧎🏾‍♀️,1f9ce_1f3fe_200d_2640_fe0f,75,111,74,woman kneeling: medium-dark skin tone
🧎🏿‍♀️,1f9ce_1f3ff_200d_2640_fe0f,72,108,73,woman kneeling: dark skin tone
🧎‍➡️,1f9ce_200d_27a1_fe0f,128,128,128,person kneeling: facing right
🧎🏻‍➡️,1f9ce_1f3fb_200d_27a1_fe0f,128,128,128,"person kneeling: light skin tone, facing right"
🧎🏼‍➡️,1f9ce_1f3fc_200d_27a1_fe0f,128,128,128,"person kneeling: medium-light skin tone, facing right"
🧎🏽‍➡️,1f9ce_1f3fd_200d_27a1_fe0f,128,128,128,"person kneeling: medium skin tone, facing right"
🧎🏾‍➡️,1f9ce_1f3fe_200d_27a1_fe0f,128,128,128,"person kneeling: medium-dark skin tone, facing right"
🧎🏿‍➡️,1f9ce_1f3ff_200d_27a1_fe0f,128,128,128,"person kneeling: dark skin tone, facing right"
🧎‍♀️‍➡️,1f9ce_200d_2640_fe0f_200d_27a1_fe0f,128,128,128,woman kneeling: facing right
🧎🏻‍♀️‍➡️,1f9ce_1f3fb_200d_2640_fe0f_200d_27a1_fe0f,128,128,128,"woman kneeling: light skin tone, facing right"
🧎🏼‍♀️‍➡️,1f9ce_1f3fc_200d_2640_fe0f_200d_27a1_fe0f,128,128,128,"woman kneeling: medium-light skin tone, facing right"
🧎🏽‍♀️‍➡️,1f9ce_1f3fd_200d_2640_fe0f_200d_27a1_fe0f,128,128,128,"woman kneeling: medium skin tone, facing right"
🧎🏾‍♀️‍➡️,1f9ce_1f3fe_200d_2640_fe0f_200d_27a1_fe0f,128,128,128,"woman kneeling: medium-dark skin tone, facing right"
🧎🏿‍♀️‍➡️,1f9ce_1f3ff_200d_2640_fe0f_200d_27a1_fe0f,128,128,128,"woman kneeling: dark skin tone, facing right"
🧎‍♂️‍➡️,1f9ce_200d_2642_fe0f_200d_27a1_fe0f,128,128,128,man kneeling: facing right
🧎🏻‍♂️‍➡️,1f9ce_1f3fb_200d_2642_fe0f_200d_27a1_fe0f,128,128,128,"man kneeling: light skin tone, facing right"
🧎🏼‍♂️‍➡️,1f9ce_1f3fc_200d_2642_fe0f_200d_27a1_fe0f,128,128,128,"man kneeling: medium-light skin tone, facing right"
🧎🏽‍♂️‍➡️,1f9ce_1f3fd_200d_2642_fe0f_200d_27a1_fe0f,128,128,128,"man kneeling: medium skin tone, facing right"
🧎🏾‍♂️‍➡️,1f9ce_1f3fe_200d_2642_fe0f_200d_27a1_fe0f,128,128,128,"man kneeling: medium-dark skin tone, facing right"
🧎🏿‍♂️‍➡️,1f9ce_1f3ff_200d_2642_fe0f_200d_27a1_fe0f,128,128,128,"man kneeling: dark skin tone, facing right"
🧑‍🦯,1f9d1_200d_1f9af,87,121,73,person with white cane
🧑🏻‍🦯,1f9d1_1f3fb_200d_1f9af,86,118,84,person with white cane: light skin tone
🧑🏼‍🦯,1f9d1_1f3fc_200d_1f9af,84,115,81,person with white cane: medium-light skin tone
🧑🏽‍🦯,1f9d1_1f3fd_200d_1f9af,82,113,77,person with white cane: medium skin tone
🧑🏾‍🦯,1f9d1_1f3fe_200d_1f9af,80,111,74,person with white cane: medium-dark skin tone
🧑🏿‍🦯,1f9d1_1f3ff_200d_1f9af,75,107,73,person with white cane: dark skin tone
🧑‍🦯‍➡️,1f9d1_200d_1f9af_200d_27a1_fe0f,128,128,128,person with white cane: facing right
🧑🏻‍🦯‍➡️,1f9d1_1f3fb_200d_1f9af_200d_27a1_fe0f,128,128,128,"person with white cane: light skin tone, facing right"
🧑🏼‍🦯‍➡️,1f9d1_1f3fc_200d_1f9af_200d_27a1_fe0f,128,128,128,"person with white cane: medium-light skin tone, facing right"
🧑🏽‍🦯‍➡️,1f9d1_1f3fd_200d_1f9af_200d_27a1_fe0f,128,128,128,"person with white cane: medium skin tone, facing right"
🧑🏾‍🦯‍➡️,1f9d1_1f3fe_200d_1f9af_200d_27a1_fe0f,128,128,128,"person with white cane: medium-dark skin tone, facing right"
🧑🏿‍🦯‍➡️,1f9d1_1f3ff_200d_1f9af_200d_27a1_fe0f,128,128,128,"person with white cane: dark skin tone, facing right"
👨‍🦯,1f468_200d_1f9af,87,121,73,man with white cane
👨🏻‍🦯,1f468_1f3fb_200d_1f9af,86,118,84,man with white cane: light skin tone
👨🏼‍🦯,1f468_1f3fc_200d_1f9af,84,115,81,man with white cane: medium-light skin tone
👨🏽‍🦯,1f468_1f3fd_200d_1f9af,82,113,77,man with white cane: medium skin tone
👨🏾‍🦯,1f468_1f3fe_200d_1f9af,80,111,74,man with white cane: medium-dark skin tone
👨🏿‍🦯,1f468_1f3ff_200d_1f9af,75,107,73,man with white cane: dark skin tone
👨‍🦯‍➡️,1f468_200d_1f9af_200d_27a1_fe0f,128,128,128,man with white cane: facing right
👨🏻‍🦯‍➡️,1f468_1f3fb_200d_1f9af_200d_27a1_fe0f,128,128,128,"man with white cane: light skin tone, facing right"
👨🏼‍🦯‍➡️,1f468_1f3fc_200d_1f9af_200d_27a1_fe0f,128,128,128,"man with white cane: medium-light skin tone, facing right"
👨🏽‍🦯‍➡️,1f468_1f3fd_200d_1f9af_200d_27a1_fe0f,128,128,128,"man with white cane: medium skin tone, facing right"
👨🏾‍🦯‍➡️,1f468_1f3fe_200d_1f9af_200d_27a1_fe0f,128,128,128,"man with white cane: medium-dark skin tone, facing right"
👨🏿‍🦯‍➡️,1f468_1f3ff_200d_1f9af_200d_27a1_fe0f,128,128,128,"man with white cane: dark skin tone, facing right"
👩‍🦯,1f469_200d_1f9af,85,119,74,woman with white cane
👩🏻‍🦯,1f469_1f3fb_200d_1f9af,85,117,83,woman with white cane: light skin tone
👩🏼‍🦯,1f469_1f3fc_200d_1f9af,83,115,80,woman with white cane: medium-light skin tone
👩🏽‍🦯,1f469_1f3fd_200d_1f9af,81,113,77,woman with white cane: medium skin tone
👩🏾‍🦯,1f469_1f3fe_200d_1f9af,79,111,74,woman with white cane: medium-dark skin tone
👩🏿‍🦯,1f469_1f3ff_200d_1f9af,74,107,74,woman with white cane: dark skin tone
👩‍🦯‍➡️,1f469_200d_1f9af_200d_27a1_fe0f,128,128,128,woman with white cane: facing right
👩🏻‍🦯‍➡️,1f469_1f3fb_200d_1f9af_200d_27a1_fe0f,128,128,128,"woman with white cane: light skin tone, facing right"
👩🏼‍🦯‍➡️,1f469_1f3fc_200d_1f9af_200d_27a1_fe0f,128,128,128,"woman with white cane: medium-light skin tone, facing right"
👩🏽‍🦯‍➡️,1f469_1f3fd_200d_1f9af_200d_27a1_fe0f,128,128,128,"woman with white cane: medium skin tone, facing right"
👩🏾‍🦯‍➡️,1f469_1f3fe_200d_1f9af_200d_27a1_fe0f,128,128,128,"woman with white cane: medium-dark skin tone, facing right"
👩🏿‍🦯‍➡️,1f469_1f3ff_200d_1f9af_200d_27a1_fe0f,128,128,128,"woman with white cane: dark skin tone, facing right"
🧑‍🦼,1f9d1_200d_1f9bc,82,114,75,person in motorized wheelchair
🧑🏻‍🦼,1f9d1_1f3fb_200d_1f9bc,81,113,79,person in motorized wheelchair: light skin tone
🧑🏼‍🦼,1f9d1_1f3fc_200d_1f9bc,81,112,78,person in motorized wheelchair: medium-light skin tone
🧑🏽‍🦼,1f9d1_1f3fd_200d_1f9bc,80,111,77,person in motorized wheelchair: medium skin tone
🧑🏾‍🦼,1f9d1_1f3fe_200d_1f9bc,79,110,75,person in motorized wheelchair: medium-dark skin tone
🧑🏿‍🦼,1f9d1_1f3ff_200d_1f9bc,77,108,75,person in motorized wheelchair: dark skin tone
🧑‍🦼‍➡️,1f9d1_200d_1f9bc_200d_27a1_fe0f,128,128,128,person in motorized wheelchair: facing right
🧑🏻‍🦼‍➡️,1f9d1_1f3fb_200d_1f9bc_200d_27a1_fe0f,128,128,128,"person in motorized wheelchair: light skin tone, facing right"
🧑🏼‍🦼‍➡️,1f9d1_1f3fc_200d_1f9bc_200d_27a1_fe0f,128,128,128,"person in motorized wheelchair: medium-light skin tone, facing right"
🧑🏽‍🦼‍➡️,1f9d1_1f3fd_200d_1f9bc_200d_27a1_fe0f,128,128,128,"person in motorized wheelchair: medium skin tone, facing right"
🧑🏾‍🦼‍➡️,1f9d1_1f3fe_200d_1f9bc_200d_27a1_fe0f,128,128,128,"person in motorized wheelchair: medium-dark skin tone, facing right"
🧑🏿‍🦼‍➡️,1f9d1_1f3ff_200d_1f9bc_200d_27a1_fe0f,128,128,128,"person in motorized wheelchair: dark skin tone, facing right"
👨‍🦼,1f468_200d_1f9bc,82,114,75,man in motorized wheelchair
👨🏻‍🦼,1f468_1f3fb_200d_1f9bc,81,113,79,man in motorized wheelchair: light skin tone
👨🏼‍🦼,1f468_1f3fc_200d_1f9bc,81,112,78,man in motorized wheelchair: medium-light skin tone
👨🏽‍🦼,1f468_1f3fd_200d_1f9bc,80,111,77,man in motorized wheelchair: medium skin tone
👨🏾‍🦼,1f468_1f3fe_200d_1f9bc,79,110,75,man in motorized wheelchair: medium-dark skin tone
👨🏿‍🦼,1f468_1f3ff_200d_1f9bc,77,108,75,man in motorized wheelchair: dark skin tone
👨‍🦼‍➡️,1f468_200d_1f9bc_200d_27a1_fe0f,128,128,128,man in motorized wheelchair: facing right
👨🏻‍🦼‍➡️,1f468_1f3fb_200d_1f9bc_200d_27a1_fe0f,128,128,128,"man in motorized wheelchair: light skin tone, facing right"
👨🏼‍🦼‍➡️,1f468_1f3fc_200d_1f9bc_200d_27a1_fe0f,128,128,128,"man in motorized wheelchair: medium-light skin tone, facing right"
👨🏽‍🦼‍➡️,1f468_1f3fd_200d_1f9bc_200d_27a1_fe0f,128,128,128,"man in motorized wheelchair: medium skin tone, facing right"
👨🏾‍🦼‍➡️,1f468_1f3fe_200d_1f9bc_200d_27a1_fe0f,128,128,128,"man in motorized wheelchair: medium-dark skin tone, facing right"
👨🏿‍🦼‍➡️,1f468_1f3ff_200d_1f9bc_200d_27a1_fe0f,128,128,128,"man in motorized wheelchair: dark skin tone, facing right"
👩‍🦼,1f469_200d_1f9bc,83,115,76,woman in motorized wheelchair
👩🏻‍🦼,1f469_1f3fb_200d_1f9bc,83,114,80,woman in motorized wheelchair: light skin tone
👩🏼‍🦼,1f469_1f3fc_200d_1f9bc,82,113,79,woman in motorized wheelchair: medium-light skin tone
👩🏽‍🦼,1f469_1f3fd_200d_1f9bc,81,112,77,woman in motorized wheelchair: medium skin tone
👩🏾‍🦼,1f469_1f3fe_200d_1f9bc,80,111,76,woman in motorized wheelchair: medium-dark skin tone
👩🏿‍🦼,1f469_1f3ff_200d_1f9bc,78,110,76,woman in motorized wheelchair: dark skin tone
👩‍🦼‍➡️,1f469_200d_1f9bc_200d_27a1_fe0f,128,128,128,woman in motorized wheelchair: facing right
👩🏻‍🦼‍➡️,1f469_1f3fb_200d_1f9bc_200d_27a1_fe0f,128,128,128,"woman in motorized wheelchair: light skin tone, facing right"
👩🏼‍🦼‍➡️,1f469_1f3fc_200d_1f9bc_200d_27a1_fe0f,128,128,128,"woman in motorized wheelchair: medium-light skin tone, facing right"
👩🏽‍🦼‍➡️,1f469_1f3fd_200d_1f9bc_200d_27a1_fe0f,128,128,128,"woman in motorized wheelchair: medium skin tone, facing right"
👩🏾‍🦼‍➡️,1f469_1f3fe_200d_1f9bc_200d_27a1_fe0f,128,128,128,"woman in motorized wheelchair: medium-dark skin tone, facing right"
👩🏿‍🦼‍➡️,1f469_1f3ff_200d_1f9bc_200d_27a1_fe0f,128,128,128,"woman in motorized wheelchair: dark skin tone, facing right"
🧑‍🦽,1f9d1_200d_1f9bd,85,120,81,person in manual wheelchair
🧑🏻‍🦽,1f9d1_1f3fb_200d_1f9bd,85,119,86,person in manual wheelchair: light skin tone
🧑🏼‍🦽,1f9d1_1f3fc_200d_1f9bd,83,118,85,person in manual wheelchair: medium-light skin tone
🧑🏽‍🦽,1f9d1_1f3fd_200d_1f9bd,82,117,83,person in manual wheelchair: medium skin tone
🧑🏾‍🦽,1f9d1_1f3fe_200d_1f9bd,81,115,82,person in manual wheelchair: medium-dark skin tone
🧑🏿‍🦽,1f9d1_1f3ff_200d_1f9bd,79,113,81,person in manual wheelchair: dark skin tone
🧑‍🦽‍➡️,1f9d1_200d_1f9bd_200d_27a1_fe0f,128,128,128,person in manual wheelchair: facing right
🧑🏻‍🦽‍➡️,1f9d1_1f3fb_200d_1f9bd_200d_27a1_fe0f,128,128,128,"person in manual wheelchair: light skin tone, facing right"
🧑🏼‍🦽‍➡️,1f9d1_1f3fc_200d_1f9bd_200d_27a1_fe0f,128,128,128,"person in manual wheelchair: medium-light skin tone, facing right"
🧑🏽‍🦽‍➡️,1f9d1_1f3fd_200d_1f9bd_200d_27a1_fe0f,128,128,128,"person in manual wheelchair: medium skin tone, facing right"
🧑🏾‍🦽‍➡️,1f9d1_1f3fe_200d_1f9bd_200d_27a1_fe0f,128,128,128,"person in manual wheelchair: medium-dark skin tone, facing right"
🧑🏿‍🦽‍➡️,1f9d1_1f3ff_200d_1f9bd_200d_27a1_fe0f,128,128,128,"person in manual wheelchair: dark skin tone, facing right"
👨‍🦽,1f468_200d_1f9bd,85,120,81,man in manual wheelchair
👨🏻‍🦽,1f468_1f3fb_200d_1f9bd,85,119,86,man in manual wheelchair: light skin tone
👨🏼‍🦽,1f468_1f3fc_200d_1f9bd,83,118,85,man in manual wheelchair: medium-light skin tone
👨🏽‍🦽,1f468_1f3fd_200d_1f9bd,82,117,83,man in manual wheelchair: medium skin tone
👨🏾‍🦽,1f468_1f3fe_200d_1f9bd,81,115,82,man in manual wheelchair: medium-dark skin tone
👨🏿‍🦽,1f468_1f3ff_200d_1f9bd,79,113,81,man in manual wheelchair: dark skin tone
👨‍🦽‍➡️,1f468_200d_1f9bd_200d_27a1_fe0f,128,128,128,man in manual wheelchair: facing right
👨🏻‍🦽‍➡️,1f468_1f3fb_200d_1f9bd_200d_27a1_fe0f,128,128,128,"man in manual wheelchair: light skin tone, facing right"
👨🏼‍🦽‍➡️,1f468_1f3fc_200d_1f9bd_200d_27a1_fe0f,128,128,128,"man in manual wheelchair: medium-light skin tone, facing right"
👨🏽‍🦽‍➡️,1f468_1f3fd_200d_1f9bd_200d_27a1_fe0f,128,128,128,"man in manual wheelchair: medium skin tone, facing right"
👨🏾‍🦽‍➡️,1f468_1f3fe_200d_1f9bd_200d_27a1_fe0f,128,128,128,"man in manual wheelchair: medium-dark skin tone, facing right"
👨🏿‍🦽‍➡️,1f468_1f3ff_200d_1f9bd_200d_27a1_fe0f,128,128,128,"man in manual wheelchair: dark skin tone, facing right"
👩‍🦽,1f469_200d_1f9bd,85,120,81,woman in manual wheelchair
👩🏻‍🦽,1f469_1f3fb_200d_1f9bd,84,119,86,woman in manual wheelchair: light skin tone
👩🏼‍🦽,1f469_1f3fc_200d_1f9bd,83,118,85,woman in manual wheelchair: medium-light skin tone
👩🏽‍🦽,1f469_1f3fd_200d_1f9bd,82,117,83,woman in manual wheelchair: medium skin tone
👩🏾‍🦽,1f469_1f3fe_200d_1f9bd,81,116,82,woman in manual wheelchair: medium-dark skin tone
👩🏿‍🦽,1f469_1f3ff_200d_1f9bd,79,114,81,woman in manual wheelchair: dark skin tone
👩‍🦽‍➡️,1f469_200d_1f9bd_200d_27a1_fe0f,128,128,128,woman in manual wheelchair: facing right
👩🏻‍🦽‍➡️,1f469_1f3fb_200d_1f9bd_200d_27a1_fe0f,128,128,128,"woman in manual wheelchair: light skin tone, facing right"
👩🏼‍🦽‍➡️,1f469_1f3fc_200d_1f9bd_200d_27a1_fe0f,128,128,128,"woman in manual wheelchair: medium-light skin tone, facing right"
👩🏽‍🦽‍➡️,1f469_1f3fd_200d_1f9bd_200d_27a1_fe0f,128,128,128,"woman in manual wheelchair: medium skin tone, facing right"
👩🏾‍🦽‍➡️,1f469_1f3fe_200d_1f9bd_200d_27a1_fe0f,128,128,128,"woman in manual wheelchair: medium-dark skin tone, facing right"
👩🏿‍🦽‍➡️,1f469_1f3ff_200d_1f9bd_200d_27a1_fe0f,128,128,128,"woman in manual wheelchair: dark skin tone, facing right"
🏃,1f3c3,82,118,73,person running
🏃🏻,1f3c3_1f3fb,81,117,81,person running: light skin tone
🏃🏼,1f3c3_1f3fc,79,115,79,person running: medium-light skin tone
🏃🏽,1f3c3_1f3fd,77,112,76,person running: medium skin tone
🏃🏾,1f3c3_1f3fe,76,111,73,person running: medium-dark skin tone
🏃🏿,1f3c3_1f3ff,72,108,73,person running: dark skin tone
🏃‍♂️,1f3c3_200d_2642_fe0f,81,118,73,man running
🏃🏻‍♂️,1f3c3_1f3fb_200d_2642_fe0f,81,116,81,man running: light skin tone
🏃🏼‍♂️,1f3c3_1f3fc_200d_2642_fe0f,79,114,79,man running: medium-light skin tone
🏃🏽‍♂️,1f3c3_1f3fd_200d_2642_fe0f,77,112,76,man running: medium skin tone
🏃🏾‍♂️,1f3c3_1f3fe_200d_2642_fe0f,76,111,73,man running: medium-dark skin tone
🏃🏿‍♂️,1f3c3_1f3ff_200d_2642_fe0f,72,108,73,man running: dark skin tone
🏃‍♀️,1f3c3_200d_2640_fe0f,81,118,73,woman running
🏃🏻‍♀️,1f3c3_1f3fb_200d_2640_fe0f,81,116,81,woman running: light skin tone
🏃🏼‍♀️,1f3c3_1f3fc_200d_2640_fe0f,79,114,79,woman running: medium-light skin tone
🏃🏽‍♀️,1f3c3_1f3fd_200d_2640_fe0f,77,112,76,woman running: medium skin tone
🏃🏾‍♀️,1f3c3_1f3fe_200d_2640_fe0f,76,111,73,woman running: medium-dark skin tone
🏃🏿‍♀️,1f3c3_1f3ff_200d_2640_fe0f,72,108,73,woman running: dark skin tone
🏃‍➡️,1f3c3_200d_27a1_fe0f,128,128,128,person running: facing right
🏃🏻‍➡️,1f3c3_1f3fb_200d_27a1_fe0f,128,128,128,"person running: light skin tone, facing right"
🏃🏼‍➡️,1f3c3_1f3fc_200d_27a1_fe0f,128,128,128,"person running: medium-light skin tone, facing right"
🏃🏽‍➡️,1f3c3_1f3fd_200d_27a1_fe0f,128,128,128,"person running: medium skin tone, facing right"
🏃🏾‍➡️,1f3c3_1f3fe_200d_27a1_fe0f,128,128,128,"person running: medium-dark skin tone, facing right"
🏃🏿‍➡️,1f3c3_1f3ff_200d_27a1_fe0f,128,128,128,"person running: dark skin tone, facing right"
🏃‍♀️‍➡️,1f3c3_200d_2640_fe0f_200d_27a1_fe0f,128,128,128,woman running: facing right
🏃🏻‍♀️‍➡️,1f3c3_1f3fb_200d_2640_fe0f_200d_27a1_fe0f,128,128,128,"woman running: light skin tone, facing right"
🏃🏼‍♀️‍➡️,1f3c3_1f3fc_200d_2640_fe0f_200d_27a1_fe0f,128,128,128,"woman running: medium-light skin tone, facing right"
🏃🏽‍♀️‍➡️,1f3c3_1f3fd_200d_2640_fe0f_200d_27a1_fe0f,128,128,128,"woman running: medium skin tone, facing right"
🏃🏾‍♀️‍➡️,1f3c3_1f3fe_200d_2640_fe0f_200d_27a1_fe0f,128,128,128,"woman running: medium-dark skin tone, facing right"
🏃🏿‍♀️‍➡️,1f3c3_1f3ff_200d_2640_fe0f_200d_27a1_fe0f,128,128,128,"woman running: dark skin tone, facing right"
🏃‍♂️‍➡️,1f3c3_200d_2642_fe0f_200d_27a1_fe0f,128,128,128,man running: facing right
🏃🏻‍♂️‍➡️,1f3c3_1f3fb_200d_2642_fe0f_200d_27a1_fe0f,128,128,128,"man running: light skin tone, facing right"
🏃🏼‍♂️‍➡️,1f3c3_1f3fc_200d_2642_fe0f_200d_27a1_fe0f,128,128,128,"man running: medium-light skin tone, facing right"
🏃🏽‍♂️‍➡️,1f3c3_1f3fd_200d_2642_fe0f_200d_27a1_fe0f,128,128,128,"man running: medium skin tone, facing right"
🏃🏾‍♂️‍➡️,1f3c3_1f3fe_200d_2642_fe0f_200d_27a1_fe0f,128,128,128,"man running: medium-dark skin tone, facing right"
🏃🏿‍♂️‍➡️,1f3c3_1f3ff_200d_2642_fe0f_200d_27a1_fe0f,128,128,128,"man running: dark skin tone, facing right"
🧑‍🩰,1f9d1_200d_1fa70,128,128,128,ballet dancer
🧑🏻‍🩰,1f9d1_1f3fb_200d_1fa70,128,128,128,ballet dancer: light skin tone
🧑🏼‍🩰,1f9d1_1f3fc_200d_1fa70,128,128,128,ballet dancer: medium-light skin tone
🧑🏽‍🩰,1f9d1_1f3fd_200d_1fa70,128,128,128,ballet dancer: medium skin tone
🧑🏾‍🩰,1f9d1_1f3fe_200d_1fa70,128,128,128,ballet dancer: medium-dark skin tone
🧑🏿‍🩰,1f9d1_1f3ff_200d_1fa70,128,128,128,ballet dancer: dark skin tone
💃,1f483,83,119,72,woman dancing
💃🏻,1f483_1f3fb,83,117,82,woman dancing: light skin tone
💃🏼,1f483_1f3fc,81,115,79,woman dancing: medium-light skin tone
💃🏽,1f483_1f3fd,78,113,76,woman dancing: medium skin tone
💃🏾,1f483_1f3fe,77,110,73,woman dancing: medium-dark skin tone
💃🏿,1f483_1f3ff,72,107,72,woman dancing: dark skin tone
🕺,1f57a,86,121,71,man dancing
🕺🏻,1f57a_1f3fb,86,118,84,man dancing: light skin tone
🕺🏼,1f57a_1f3fc,83,116,80,man dancing: medium-light skin tone
🕺🏽,1f57a_1f3fd,81,113,76,man dancing: medium skin tone
🕺🏾,1f57a_1f3fe,79,110,72,man dancing: medium-dark skin tone
🕺🏿,1f57a_1f3ff,73,106,71,man dancing: dark skin tone
🕴️,1f574,76,114,73,person in suit levitating
🕴🏻,1f574_1f3fb,76,113,78,person in suit levitating: light skin tone
🕴🏼,1f574_1f3fc,75,112,76,person in suit levitating: medium-light skin tone
🕴🏽,1f574_1f3fd,74,111,75,person in suit levitating: medium skin tone
🕴🏾,1f574_1f3fe,73,110,73,person in suit levitating: medium-dark skin tone
🕴🏿,1f574_1f3ff,71,108,73,person in suit levitating: dark skin tone
👯,1f46f,90,123,70,people with bunny ears
👯🏻,1f46f_1f3fb,128,128,128,people with bunny ears: light skin tone
👯🏼,1f46f_1f3fc,128,128,128,people with bunny ears: medium-light skin tone
👯🏽,1f46f_1f3fd,128,128,128,people with bunny ears: medium skin tone
👯🏾,1f46f_1f3fe,128,128,128,people with bunny ears: medium-dark skin tone
👯🏿,1f46f_1f3ff,128,128,128,people with bunny ears: dark skin tone
👯‍♂️,1f46f_200d_2642_fe0f,91,123,70,men with bunny ears
👯🏻‍♂️,1f46f_1f3fb_200d_2642_fe0f,128,128,128,men with bunny ears: light skin tone
👯🏼‍♂️,1f46f_1f3fc_200d_2642_fe0f,128,128,128,men with bunny ears: medium-light skin tone
👯🏽‍♂️,1f46f_1f3fd_200d_2642_fe0f,128,128,128,men with bunny ears: medium skin tone
👯🏾‍♂️,1f46f_1f3fe_200d_2642_fe0f,128,128,128,men with bunny ears: medium-dark skin tone
👯🏿‍♂️,1f46f_1f3ff_200d_2642_fe0f,128,128,128,men with bunny ears: dark skin tone
👯‍♀️,1f46f_200d_2640_fe0f,90,123,70,women with bunny ears
👯🏻‍♀️,1f46f_1f3fb_200d_2640_fe0f,128,128,128,women with bunny ears: light skin tone
👯🏼‍♀️,1f46f_1f3fc_200d_2640_fe0f,128,128,128,women with bunny ears: medium-light skin tone
👯🏽‍♀️,1f46f_1f3fd_200d_2640_fe0f,128,128,128,women with bunny ears: medium skin tone
👯🏾‍♀️,1f46f_1f3fe_200d_2640_fe0f,128,128,128,women with bunny ears: medium-dark skin tone
👯🏿‍♀️,1f46f_1f3ff_200d_2640_fe0f,128,128,128,women with bunny ears: dark skin tone
🧑🏻‍🐰‍🧑🏼,1f9d1_1f3fb_200d_1f430_200d_1f9d1_1f3fc,128,128,128,"people with bunny ears: light skin tone, medium-light skin tone"
🧑🏻‍🐰‍🧑🏽,1f9d1_1f3fb_200d_1f430_200d_1f9d1_1f3fd,128,128,128,"people with bunny ears: light skin tone, medium skin tone"
🧑🏻‍🐰‍🧑🏾,1f9d1_1f3fb_200d_1f430_200d_1f9d1_1f3fe,128,128,128,"people with bunny ears: light skin tone, medium-dark skin tone"
🧑🏻‍🐰‍🧑🏿,1f9d1_1f3fb_200d_1f430_200d_1f9d1_1f3ff,128,128,128,"people with bunny ears: light skin tone, dark skin tone"
🧑🏼‍🐰‍🧑🏻,1f9d1_1f3fc_200d_1f430_200d_1f9d1_1f3fb,128,128,128,"people with bunny ears: medium-light skin tone, light skin tone"
🧑🏼‍🐰‍🧑🏽,1f9d1_1f3fc_200d_1f430_200d_1f9d1_1f3fd,128,128,128,"people with bunny ears: medium-light skin tone, medium skin tone"
🧑🏼‍🐰‍🧑🏾,1f9d1_1f3fc_200d_1f430_200d_1f9d1_1f3fe,128,128,128,"people with bunny ears: medium-light skin tone, medium-dark skin tone"
🧑🏼‍🐰‍🧑🏿,1f9d1_1f3fc_200d_1f430_200d_1f9d1_1f3ff,128,128,128,"people with bunny ears: medium-light skin tone, dark skin tone"
🧑🏽‍🐰‍🧑🏻,1f9d1_1f3fd_200d_1f430_200d_1f9d1_1f3fb,128,128,128,"people with bunny ears: medium skin tone, light skin tone"
🧑🏽‍🐰‍🧑🏼,1f9d1_1f3fd_200d_1f430_200d_1f9d1_1f3fc,128,128,128,"people with bunny ears: medium skin tone, medium-light skin tone"
🧑🏽‍🐰‍🧑🏾,1f9d1_1f3fd_200d_1f430_200d_1f9d1_1f3fe,128,128,128,"people with bunny ears: medium skin tone, medium-dark skin tone"
🧑🏽‍🐰‍🧑🏿,1f9d1_1f3fd_200d_1f430_200d_1f9d1_1f3ff,128,128,128,"people with bunny ears: medium skin tone, dark skin tone"
🧑🏾‍🐰‍🧑🏻,1f9d1_1f3fe_200d_1f430_200d_1f9d1_1f3fb,128,128,128,"people with bunny ears: medium-dark skin tone, light skin tone"
🧑🏾‍🐰‍🧑🏼,1f9d1_1f3fe_200d_1f430_200d_1f9d1_1f3fc,128,128,128,"people with bunny ears: medium-dark skin tone, medium-light skin tone"
🧑🏾‍🐰‍🧑🏽,1f9d1_1f3fe_200d_1f430_200d_1f9d1_1f3fd,128,128,128,"people with bunny ears: medium-dark skin tone, medium skin tone"
🧑🏾‍🐰‍🧑🏿,1f9d1_1f3fe_200d_1f430_200d_1f9d1_1f3ff,128,128,128,"people with bunny ears: medium-dark skin tone, dark skin tone"
🧑🏿‍🐰‍🧑🏻,1f9d1_1f3ff_200d_1f430_200d_1f9d1_1f3fb,128,128,128,"people with bunny ears: dark skin tone, light skin tone"
🧑🏿‍🐰‍🧑🏼,1f9d1_1f3ff_200d_1f430_200d_1f9d1_1f3fc,128,128,128,"people with bunny ears: dark skin tone, medium-light skin tone"
🧑🏿‍🐰‍🧑🏽,1f9d1_1f3ff_200d_1f430_200d_1f9d1_1f3fd,128,128,128,"people with bunny ears: dark skin tone, medium skin tone"
🧑🏿‍🐰‍🧑🏾,1f9d1_1f3ff_200d_1f430_200d_1f9d1_1f3fe,128,128,128,"people with bunny ears: dark skin tone, medium-dark skin tone"
👨🏻‍🐰‍👨🏼,1f468_1f3fb_200d_1f430_200d_1f468_1f3fc,128,128,128,"men with bunny ears: light skin tone, medium-light skin tone"
👨🏻‍🐰‍👨🏽,1f468_1f3fb_200d_1f430_200d_1f468_1f3fd,128,128,128,"men with bunny ears: light skin tone, medium skin tone"
👨🏻‍🐰‍👨🏾,1f468_1f3fb_200d_1f430_200d_1f468_1f3fe,128,128,128,"men with bunny ears: light skin tone, medium-dark skin tone"
👨🏻‍🐰‍👨🏿,1f468_1f3fb_200d_1f430_200d_1f468_1f3ff,128,128,128,"men with bunny ears: light skin tone, dark skin tone"
👨🏼‍🐰‍👨🏻,1f468_1f3fc_200d_1f430_200d_1f468_1f3fb,128,128,128,"men with bunny ears: medium-light skin tone, light skin tone"
👨🏼‍🐰‍👨🏽,1f468_1f3fc_200d_1f430_200d_1f468_1f3fd,128,128,128,"men with bunny ears: medium-light skin tone, medium skin tone"
👨🏼‍🐰‍👨🏾,1f468_1f3fc_200d_1f430_200d_1f468_1f3fe,128,128,128,"men with bunny ears: medium-light skin tone, medium-dark skin tone"
👨🏼‍🐰‍👨🏿,1f468_1f3fc_200d_1f430_200d_1f468_1f3ff,128,128,128,"men with bunny ears: medium-light skin tone, dark skin tone"
👨🏽‍🐰‍👨🏻,1f468_1f3fd_200d_1f430_200d_1f468_1f3fb,128,128,128,"men with bunny ears: medium skin tone, light skin tone"
👨🏽‍🐰‍👨🏼,1f468_1f3fd_200d_1f430_200d_1f468_1f3fc,128,128,128,"men with bunny ears: medium skin tone, medium-light skin tone"
👨🏽‍🐰‍👨🏾,1f468_1f3fd_200d_1f430_200d_1f468_1f3fe,128,128,128,"men with bunny ears: medium skin tone, medium-dark skin tone"
👨🏽‍🐰‍👨🏿,1f468_1f3fd_200d_1f430_200d_1f468_1f3ff,128,128,128,"men with bunny ears: medium skin tone, dark skin tone"
👨🏾‍🐰‍👨🏻,1f468_1f3fe_200d_1f430_200d_1f468_1f3fb,128,128,128,"men with bunny ears: medium-dark skin tone, light skin tone"
👨🏾‍🐰‍👨🏼,1f468_1f3fe_200d_1f430_200d_1f468_1f3fc,128,128,128,"men with bunny ears: medium-dark skin tone, medium-light skin tone"
👨🏾‍🐰‍👨🏽,1f468_1f3fe_200d_1f430_200d_1f468_1f3fd,128,128,128,"men with bunny ears: medium-dark skin tone, medium skin tone"
👨🏾‍🐰‍👨🏿,1f468_1f3fe_200d_1f430_200d_1f468_1f3ff,128,128,128,"men with bunny ears: medium-dark skin tone, dark skin tone"
👨🏿‍🐰‍👨🏻,1f468_1f3ff_200d_1f430_200d_1f468_1f3fb,128,128,128,"men with bunny ears: dark skin tone, light skin tone"
👨🏿‍🐰‍👨🏼,1f468_1f3ff_200d_1f430_200d_1f468_1f3fc,128,128,128,"men with bunny ears: dark skin tone, medium-light skin tone"
👨🏿‍🐰‍👨🏽,1f468_1f3ff_200d_1f430_200d_1f468_1f3fd,128,128,128,"men with bunny ears: dark skin tone, medium skin tone"
👨🏿‍🐰‍👨🏾,1f468_1f3ff_200d_1f430_200d_1f468_1f3fe,128,128,128,"men with bunny ears: dark skin tone, medium-dark skin tone"
👩🏻‍🐰‍👩🏼,1f469_1f3fb_200d_1f430_200d_1f469_1f3fc,128,128,128,"women with bunny ears: light skin tone, medium-light skin tone"
👩🏻‍🐰‍👩🏽,1f469_1f3fb_200d_1f430_200d_1f469_1f3fd,128,128,128,"women with bunny ears: light skin tone, medium skin tone"
👩🏻‍🐰‍👩🏾,1f469_1f3fb_200d_1f430_200d_1f469_1f3fe,128,128,128,"women with bunny ears: light skin tone, medium-dark skin tone"
👩🏻‍🐰‍👩🏿,1f469_1f3fb_200d_1f430_200d_1f469_1f3ff,128,128,128,"women with bunny ears: light skin tone, dark skin tone"
👩🏼‍🐰‍👩🏻,1f469_1f3fc_200d_1f430_200d_1f469_1f3fb,128,128,128,"women with bunny ears: medium-light skin tone, light skin tone"
👩🏼‍🐰‍👩🏽,1f469_1f3fc_200d_1f430_200d_1f469_1f3fd,128,128,128,"women with bunny ears: medium-light skin tone, medium skin tone"
👩🏼‍🐰‍👩🏾,1f469_1f3fc_200d_1f430_200d_1f469_1f3fe,128,128,128,"women with bunny ears: medium-light skin tone, medium-dark skin tone"
👩🏼‍🐰‍👩🏿,1f469_1f3fc_200d_1f430_200d_1f469_1f3ff,128,128,128,"women with bunny ears: medium-light skin tone, dark skin tone"
👩🏽‍🐰‍👩🏻,1f469_1f3fd_200d_1f430_200d_1f469_1f3fb,128,128,128,"women with bunny ears: medium skin tone, light skin tone"
👩🏽‍🐰‍👩🏼,1f469_1f3fd_200d_1f430_200d_1f469_1f3fc,128,128,128,"women with bunny ears: medium skin tone, medium-light skin tone"
👩🏽‍🐰‍👩🏾,1f469_1f3fd_200d_1f430_200d_1f469_1f3fe,128,128,128,"women with bunny ears: medium skin tone, medium-dark skin tone"
👩🏽‍🐰‍👩🏿,1f469_1f3fd_200d_1f430_200d_1f469_1f3ff,128,128,128,"women with bunny ears: medium skin tone, dark skin tone"
👩🏾‍🐰‍👩🏻,1f469_1f3fe_200d_1f430_200d_1f469_1f3fb,128,128,128,"women with bunny ears: medium-dark skin tone, light skin tone"
👩🏾‍🐰‍👩🏼,1f469_1f3fe_200d_1f430_200d_1f469_1f3fc,128,128,128,"women with bunny ears: medium-dark skin tone, medium-light skin tone"
👩🏾‍🐰‍👩🏽,1f469_1f3fe_200d_1f430_200d_1f469_1f3fd,128,128,128,"women with bunny ears: medium-dark skin tone, medium skin tone"
👩🏾‍🐰‍👩🏿,1f469_1f3fe_200d_1f430_200d_1f469_1f3ff,128,128,128,"women with bunny ears: medium-dark skin tone, dark skin tone"
👩🏿‍🐰‍👩🏻,1f469_1f3ff_200d_1f430_200d_1f469_1f3fb,128,128,128,"women with bunny ears: dark skin tone, light skin tone"
👩🏿‍🐰‍👩🏼,1f469_1f3ff_200d_1f430_200d_1f469_1f3fc,128,128,128,"women with bunny ears: dark skin tone, medium-light skin tone"
👩🏿‍🐰‍👩🏽,1f469_1f3ff_200d_1f430_200d_1f469_1f3fd,128,128,128,"women with bunny ears: dark skin tone, medium skin tone"
👩🏿‍🐰‍👩🏾,1f469_1f3ff_200d_1f430_200d_1f469_1f3fe,128,128,128,"women with bunny ears: dark skin tone, medium-dark skin tone"
🧖,1f9d6,96,127,74,person in steamy room
🧖🏻,1f9d6_1f3fb,92,122,89,person in steamy room: light skin tone
🧖🏼,1f9d6_1f3fc,93,124,84,person in steamy room: medium-light skin tone
🧖🏽,1f9d6_1f3fd,84,114,80,person in steamy room: medium skin tone
🧖🏾,1f9d6_1f3fe,81,114,78,person in steamy room: medium-dark skin tone
🧖🏿,1f9d6_1f3ff,75,109,77,person in steamy room: dark skin tone
🧖‍♂️,1f9d6_200d_2642_fe0f,95,126,74,man in steamy room
🧖🏻‍♂️,1f9d6_1f3fb_200d_2642_fe0f,91,122,88,man in steamy room: light skin tone
🧖🏼‍♂️,1f9d6_1f3fc_200d_2642_fe0f,92,123,84,man in steamy room: medium-light skin tone
🧖🏽‍♂️,1f9d6_1f3fd_200d_2642_fe0f,84,114,80,man in steamy room: medium skin tone
🧖🏾‍♂️,1f9d6_1f3fe_200d_2642_fe0f,81,114,78,man in steamy room: medium-dark skin tone
🧖🏿‍♂️,1f9d6_1f3ff_200d_2642_fe0f,75,109,77,man in steamy room: dark skin tone
🧖‍♀️,1f9d6_200d_2640_fe0f,103,129,71,woman in steamy room
🧖🏻‍♀️,1f9d6_1f3fb_200d_2640_fe0f,95,120,85,woman in steamy room: light skin tone
🧖🏼‍♀️,1f9d6_1f3fc_200d_2640_fe0f,101,129,81,woman in steamy room: medium-light skin tone
🧖🏽‍♀️,1f9d6_1f3fd_200d_2640_fe0f,84,110,77,woman in steamy room: medium skin tone
🧖🏾‍♀️,1f9d6_1f3fe_200d_2640_fe0f,81,114,78,woman in steamy room: medium-dark skin tone
🧖🏿‍♀️,1f9d6_1f3ff_200d_2640_fe0f,75,109,77,woman in steamy room: dark skin tone
🧗,1f9d7,117,142,108,person climbing
🧗🏻,1f9d7_1f3fb,116,140,115,person climbing: light skin tone
🧗🏼,1f9d7_1f3fc,115,139,113,person climbing: medium-light skin tone
🧗🏽,1f9d7_1f3fd,113,137,111,person climbing: medium skin tone
🧗🏾,1f9d7_1f3fe,112,136,109,person climbing: medium-dark skin tone
🧗🏿,1f9d7_1f3ff,109,133,109,person climbing: dark skin tone
🧗‍♂️,1f9d7_200d_2642_fe0f,113,140,106,man climbing
🧗🏻‍♂️,1f9d7_1f3fb_200d_2642_fe0f,112,138,112,man climbing: light skin tone
🧗🏼‍♂️,1f9d7_1f3fc_200d_2642_fe0f,111,137,110,man climbing: medium-light skin tone
🧗🏽‍♂️,1f9d7_1f3fd_200d_2642_fe0f,110,135,108,man climbing: medium skin tone
🧗🏾‍♂️,1f9d7_1f3fe_200d_2642_fe0f,109,134,107,man climbing: medium-dark skin tone
🧗🏿‍♂️,1f9d7_1f3ff_200d_2642_fe0f,106,132,106,man climbing: dark skin tone
🧗‍♀️,1f9d7_200d_2640_fe0f,113,140,106,woman climbing
🧗🏻‍♀️,1f9d7_1f3fb_200d_2640_fe0f,112,138,112,woman climbing: light skin tone
🧗🏼‍♀️,1f9d7_1f3fc_200d_2640_fe0f,111,137,110,woman climbing: medium-light skin tone
🧗🏽‍♀️,1f9d7_1f3fd_200d_2640_fe0f,110,135,108,woman climbing: medium skin tone
🧗🏾‍♀️,1f9d7_1f3fe_200d_2640_fe0f,109,134,107,woman climbing: medium-dark skin tone
🧗🏿‍♀️,1f9d7_1f3ff_200d_2640_fe0f,106,132,106,woman climbing: dark skin tone
🤺,1f93a,87,122,71,person fencing
🏇,1f3c7,89,112,69,horse racing
🏇🏻,1f3c7_1f3fb,88,111,73,horse racing: light skin tone
🏇🏼,1f3c7_1f3fc,87,110,71,horse racing: medium-light skin tone
🏇🏽,1f3c7_1f3fd,87,109,70,horse racing: medium skin tone
🏇🏾,1f3c7_1f3fe,86,109,69,horse racing: medium-dark skin tone
🏇🏿,1f3c7_1f3ff,85,107,69,horse racing: dark skin tone
⛷️,26f7,79,117,73,skier
🏂️,1f3c2,85,121,72,snowboarder
🏂🏻,1f3c2_1f3fb,84,119,84,snowboarder: light skin tone
🏂🏼,1f3c2_1f3fc,82,116,80,snowboarder: medium-light skin tone
🏂🏽,1f3c2_1f3fd,80,114,77,snowboarder: medium skin tone
🏂🏾,1f3c2_1f3fe,78,111,73,snowboarder: medium-dark skin tone
🏂🏿,1f3c2_1f3ff,73,107,72,snowboarder: dark skin tone
🏌️,1f3cc,84,120,72,person golfing
🏌🏻,1f3cc_1f3fb,82,116,82,person golfing: light skin tone
🏌🏼,1f3cc_1f3fc,81,114,79,person golfing: medium-light skin tone
🏌🏽,1f3cc_1f3fd,79,113,76,person golfing: medium skin tone
🏌🏾,1f3cc_1f3fe,77,110,73,person golfing: medium-dark skin tone
🏌🏿,1f3cc_1f3ff,72,107,72,person golfing: dark skin tone
🏌️‍♂️,1f3cc_fe0f_200d_2642_fe0f,82,118,72,man golfing
🏌🏻‍♂️,1f3cc_1f3fb_200d_2642_fe0f,81,117,82,man golfing: light skin tone
🏌🏼‍♂️,1f3cc_1f3fc_200d_2642_fe0f,79,115,79,man golfing: medium-light skin tone
🏌🏽‍♂️,1f3cc_1f3fd_200d_2642_fe0f,78,112,76,man golfing: medium skin tone
🏌🏾‍♂️,1f3cc_1f3fe_200d_2642_fe0f,76,111,73,man golfing: medium-dark skin tone
🏌🏿‍♂️,1f3cc_1f3ff_200d_2642_fe0f,72,107,73,man golfing: dark skin tone
🏌️‍♀️,1f3cc_fe0f_200d_2640_fe0f,82,118,72,woman golfing
🏌🏻‍♀️,1f3cc_1f3fb_200d_2640_fe0f,81,117,82,woman golfing: light skin tone
🏌🏼‍♀️,1f3cc_1f3fc_200d_2640_fe0f,79,115,79,woman golfing: medium-light skin tone
🏌🏽‍♀️,1f3cc_1f3fd_200d_2640_fe0f,78,112,76,woman golfing: medium skin tone
🏌🏾‍♀️,1f3cc_1f3fe_200d_2640_fe0f,76,111,73,woman golfing: medium-dark skin tone
🏌🏿‍♀️,1f3cc_1f3ff_200d_2640_fe0f,72,107,73,woman golfing: dark skin tone
🏄️,1f3c4,88,123,75,person surfing
🏄🏻,1f3c4_1f3fb,87,121,88,person surfing: light skin tone
🏄🏼,1f3c4_1f3fc,85,118,84,person surfing: medium-light skin tone
🏄🏽,1f3c4_1f3fd,83,115,80,person surfing: medium skin tone
🏄🏾,1f3c4_1f3fe,80,112,76,person surfing: medium-dark skin tone
🏄🏿,1f3c4_1f3ff,74,108,75,person surfing: dark skin tone
🏄‍♂️,1f3c4_200d_2642_fe0f,82,119,77,man surfing
🏄🏻‍♂️,1f3c4_1f3fb_200d_2642_fe0f,82,118,86,man surfing: light skin tone
🏄🏼‍♂️,1f3c4_1f3fc_200d_2642_fe0f,80,115,83,man surfing: medium-light skin tone
🏄🏽‍♂️,1f3c4_1f3fd_200d_2642_fe0f,79,114,80,man surfing: medium skin tone
🏄🏾‍♂️,1f3c4_1f3fe_200d_2642_fe0f,77,112,78,man surfing: medium-dark skin tone
🏄🏿‍♂️,1f3c4_1f3ff_200d_2642_fe0f,73,109,77,man surfing: dark skin tone
🏄‍♀️,1f3c4_200d_2640_fe0f,83,120,77,woman surfing
🏄🏻‍♀️,1f3c4_1f3fb_200d_2640_fe0f,82,118,86,woman surfing: light skin tone
🏄🏼‍♀️,1f3c4_1f3fc_200d_2640_fe0f,80,116,83,woman surfing: medium-light skin tone
🏄🏽‍♀️,1f3c4_1f3fd_200d_2640_fe0f,79,114,80,woman surfing: medium skin tone
🏄🏾‍♀️,1f3c4_1f3fe_200d_2640_fe0f,77,112,78,woman surfing: medium-dark skin tone
🏄🏿‍♀️,1f3c4_1f3ff_200d_2640_fe0f,74,109,78,woman surfing: dark skin tone
🚣,1f6a3,100,142,123,person rowing boat
🚣🏻,1f6a3_1f3fb,99,141,125,person rowing boat: light skin tone
🚣🏼,1f6a3_1f3fc,99,140,124,person rowing boat: medium-light skin tone
🚣🏽,1f6a3_1f3fd,99,140,124,person rowing boat: medium skin tone
🚣🏾,1f6a3_1f3fe,98,140,123,person rowing boat: medium-dark skin tone
🚣🏿,1f6a3_1f3ff,97,139,123,person rowing boat: dark skin tone
🚣‍♂️,1f6a3_200d_2642_fe0f,97,138,119,man rowing boat
🚣🏻‍♂️,1f6a3_1f3fb_200d_2642_fe0f,97,138,121,man rowing boat: light skin tone
🚣🏼‍♂️,1f6a3_1f3fc_200d_2642_fe0f,96,138,120,man rowing boat: medium-light skin tone
🚣🏽‍♂️,1f6a3_1f3fd_200d_2642_fe0f,96,137,119,man rowing boat: medium skin tone
🚣🏾‍♂️,1f6a3_1f3fe_200d_2642_fe0f,95,137,119,man rowing boat: medium-dark skin tone
🚣🏿‍♂️,1f6a3_1f3ff_200d_2642_fe0f,95,136,119,man rowing boat: dark skin tone
🚣‍♀️,1f6a3_200d_2640_fe0f,97,139,119,woman rowing boat
🚣🏻‍♀️,1f6a3_1f3fb_200d_2640_fe0f,97,138,121,woman rowing boat: light skin tone
🚣🏼‍♀️,1f6a3_1f3fc_200d_2640_fe0f,96,138,120,woman rowing boat: medium-light skin tone
🚣🏽‍♀️,1f6a3_1f3fd_200d_2640_fe0f,96,137,119,woman rowing boat: medium skin tone
🚣🏾‍♀️,1f6a3_1f3fe_200d_2640_fe0f,95,137,119,woman rowing boat: medium-dark skin tone
🚣🏿‍♀️,1f6a3_1f3ff_200d_2640_fe0f,95,136,119,woman rowing boat: dark skin tone
🏊️,1f3ca,87,131,108,person swimming
🏊🏻,1f3ca_1f3fb,87,131,110,person swimming: light skin tone
🏊🏼,1f3ca_1f3fc,87,130,109,person swimming: medium-light skin tone
🏊🏽,1f3ca_1f3fd,86,130,108,person swimming: medium skin tone
🏊🏾,1f3ca_1f3fe,86,129,108,person swimming: medium-dark skin tone
🏊🏿,1f3ca_1f3ff,85,128,108,person swimming: dark skin tone
🏊‍♂️,1f3ca_200d_2642_fe0f,86,130,106,man swimming
🏊🏻‍♂️,1f3ca_1f3fb_200d_2642_fe0f,86,129,108,man swimming: light skin tone
🏊🏼‍♂️,1f3ca_1f3fc_200d_2642_fe0f,85,129,107,man swimming: medium-light skin tone
🏊🏽‍♂️,1f3ca_1f3fd_200d_2642_fe0f,85,128,106,man swimming: medium skin tone
🏊🏾‍♂️,1f3ca_1f3fe_200d_2642_fe0f,85,128,106,man swimming: medium-dark skin tone
🏊🏿‍♂️,1f3ca_1f3ff_200d_2642_fe0f,84,127,106,man swimming: dark skin tone
🏊‍♀️,1f3ca_200d_2640_fe0f,86,130,106,woman swimming
🏊🏻‍♀️,1f3ca_1f3fb_200d_2640_fe0f,86,129,108,woman swimming: light skin tone
🏊🏼‍♀️,1f3ca_1f3fc_200d_2640_fe0f,85,129,107,woman swimming: medium-light skin tone
🏊🏽‍♀️,1f3ca_1f3fd_200d_2640_fe0f,85,129,107,woman swimming: medium skin tone
🏊🏾‍♀️,1f3ca_1f3fe_200d_2640_fe0f,85,128,106,woman swimming: medium-dark skin tone
🏊🏿‍♀️,1f3ca_1f3ff_200d_2640_fe0f,84,127,106,woman swimming: dark skin tone
⛹️,26f9,83,118,73,person bouncing ball
⛹🏻,26f9_1f3fb,82,115,81,person bouncing ball: light skin tone
⛹🏼,26f9_1f3fc,80,114,78,person bouncing ball: medium-light skin tone
⛹🏽,26f9_1f3fd,79,112,76,person bouncing ball: medium skin tone
⛹🏾,26f9_1f3fe,77,110,73,person bouncing ball: medium-dark skin tone
⛹🏿,26f9_1f3ff,74,107,73,person bouncing ball: dark skin tone
⛹️‍♂️,26f9_fe0f_200d_2642_fe0f,80,116,73,man bouncing ball
⛹🏻‍♂️,26f9_1f3fb_200d_2642_fe0f,79,114,79,man bouncing ball: light skin tone
⛹🏼‍♂️,26f9_1f3fc_200d_2642_fe0f,78,112,77,man bouncing ball: medium-light skin tone
⛹🏽‍♂️,26f9_1f3fd_200d_2642_fe0f,76,111,75,man bouncing ball: medium skin tone
⛹🏾‍♂️,26f9_1f3fe_200d_2642_fe0f,75,110,73,man bouncing ball: medium-dark skin tone
⛹🏿‍♂️,26f9_1f3ff_200d_2642_fe0f,73,107,73,man bouncing ball: dark skin tone
⛹️‍♀️,26f9_fe0f_200d_2640_fe0f,80,116,73,woman bouncing ball
⛹🏻‍♀️,26f9_1f3fb_200d_2640_fe0f,79,114,79,woman bouncing ball: light skin tone
⛹🏼‍♀️,26f9_1f3fc_200d_2640_fe0f,78,112,77,woman bouncing ball: medium-light skin tone
⛹🏽‍♀️,26f9_1f3fd_200d_2640_fe0f,76,111,75,woman bouncing ball: medium skin tone
⛹🏾‍♀️,26f9_1f3fe_200d_2640_fe0f,75,110,73,woman bouncing ball: medium-dark skin tone
⛹🏿‍♀️,26f9_1f3ff_200d_2640_fe0f,73,107,73,woman bouncing ball: dark skin tone
🏋️,1f3cb,84,119,72,person lifting weights
🏋🏻,1f3cb_1f3fb,84,117,83,person lifting weights: light skin tone
🏋🏼,1f3cb_1f3fc,82,115,79,person lifting weights: medium-light skin tone
🏋🏽,1f3cb_1f3fd,80,112,76,person lifting weights: medium skin tone
🏋🏾,1f3cb_1f3fe,77,110,73,person lifting weights: medium-dark skin tone
🏋🏿,1f3cb_1f3ff,72,106,72,person lifting weights: dark skin tone
🏋️‍♂️,1f3cb_fe0f_200d_2642_fe0f,81,117,73,man lifting weights
🏋🏻‍♂️,1f3cb_1f3fb_200d_2642_fe0f,81,116,81,man lifting weights: light skin tone
🏋🏼‍♂️,1f3cb_1f3fc_200d_2642_fe0f,79,114,79,man lifting weights: medium-light skin tone
🏋🏽‍♂️,1f3cb_1f3fd_200d_2642_fe0f,77,112,76,man lifting weights: medium skin tone
🏋🏾‍♂️,1f3cb_1f3fe_200d_2642_fe0f,76,110,74,man lifting weights: medium-dark skin tone
🏋🏿‍♂️,1f3cb_1f3ff_200d_2642_fe0f,72,107,73,man lifting weights: dark skin tone
🏋️‍♀️,1f3cb_fe0f_200d_2640_fe0f,81,117,73,woman lifting weights
🏋🏻‍♀️,1f3cb_1f3fb_200d_2640_fe0f,81,116,81,woman lifting weights: light skin tone
🏋🏼‍♀️,1f3cb_1f3fc_200d_2640_fe0f,79,114,79,woman lifting weights: medium-light skin tone
🏋🏽‍♀️,1f3cb_1f3fd_200d_2640_fe0f,77,112,76,woman lifting weights: medium skin tone
🏋🏾‍♀️,1f3cb_1f3fe_200d_2640_fe0f,76,110,74,woman lifting weights: medium-dark skin tone
🏋🏿‍♀️,1f3cb_1f3ff_200d_2640_fe0f,72,107,73,woman lifting weights: dark skin tone
🚴,1f6b4,77,115,74,person biking
🚴🏻,1f6b4_1f3fb,76,114,79,person biking: light skin tone
🚴🏼,1f6b4_1f3fc,75,112,77,person biking: medium-light skin tone
🚴🏽,1f6b4_1f3fd,75,112,75,person biking: medium skin tone
🚴🏾,1f6b4_1f3fe,74,111,74,person biking: medium-dark skin tone
🚴🏿,1f6b4_1f3ff,71,109,74,person biking: dark skin tone
🚴‍♂️,1f6b4_200d_2642_fe0f,76,115,74,man biking
🚴🏻‍♂️,1f6b4_1f3fb_200d_2642_fe0f,76,114,79,man biking: light skin tone
🚴🏼‍♂️,1f6b4_1f3fc_200d_2642_fe0f,75,113,77,man biking: medium-light skin tone
🚴🏽‍♂️,1f6b4_1f3fd_200d_2642_fe0f,74,112,76,man biking: medium skin tone
🚴🏾‍♂️,1f6b4_1f3fe_200d_2642_fe0f,73,111,74,man biking: medium-dark skin tone
🚴🏿‍♂️,1f6b4_1f3ff_200d_2642_fe0f,71,109,74,man biking: dark skin tone
🚴‍♀️,1f6b4_200d_2640_fe0f,76,115,74,woman biking
🚴🏻‍♀️,1f6b4_1f3fb_200d_2640_fe0f,76,114,79,woman biking: light skin tone
🚴🏼‍♀️,1f6b4_1f3fc_200d_2640_fe0f,75,113,77,woman biking: medium-light skin tone
🚴🏽‍♀️,1f6b4_1f3fd_200d_2640_fe0f,74,112,76,woman biking: medium skin tone
🚴🏾‍♀️,1f6b4_1f3fe_200d_2640_fe0f,73,111,74,woman biking: medium-dark skin tone
🚴🏿‍♀️,1f6b4_1f3ff_200d_2640_fe0f,71,109,74,woman biking: dark skin tone
🚵,1f6b5,141,159,135,person mountain biking
🚵🏻,1f6b5_1f3fb,141,158,140,person mountain biking: light skin tone
🚵🏼,1f6b5_1f3fc,140,156,138,person mountain biking: medium-light skin tone
🚵🏽,1f6b5_1f3fd,139,155,137,person mountain biking: medium skin tone
🚵🏾,1f6b5_1f3fe,138,154,135,person mountain biking: medium-dark skin tone
🚵🏿,1f6b5_1f3ff,136,152,135,person mountain biking: dark skin tone
🚵‍♂️,1f6b5_200d_2642_fe0f,87,122,84,man mountain biking
🚵🏻‍♂️,1f6b5_1f3fb_200d_2642_fe0f,87,121,89,man mountain biking: light skin tone
🚵🏼‍♂️,1f6b5_1f3fc_200d_2642_fe0f,86,120,88,man mountain biking: medium-light skin tone
🚵🏽‍♂️,1f6b5_1f3fd_200d_2642_fe0f,85,119,86,man mountain biking: medium skin tone
🚵🏾‍♂️,1f6b5_1f3fe_200d_2642_fe0f,84,118,85,man mountain biking: medium-dark skin tone
🚵🏿‍♂️,1f6b5_1f3ff_200d_2642_fe0f,82,116,84,man mountain biking: dark skin tone
🚵‍♀️,1f6b5_200d_2640_fe0f,87,122,84,woman mountain biking
🚵🏻‍♀️,1f6b5_1f3fb_200d_2640_fe0f,87,121,89,woman mountain biking: light skin tone
🚵🏼‍♀️,1f6b5_1f3fc_200d_2640_fe0f,86,120,88,woman mountain biking: medium-light skin tone
🚵🏽‍♀️,1f6b5_1f3fd_200d_2640_fe0f,85,119,86,woman mountain biking: medium skin tone
🚵🏾‍♀️,1f6b5_1f3fe_200d_2640_fe0f,84,118,85,woman mountain biking: medium-dark skin tone
🚵🏿‍♀️,1f6b5_1f3ff_200d_2640_fe0f,82,116,85,woman mountain biking: dark skin tone
🤸,1f938,84,120,72,person cartwheeling
🤸🏻,1f938_1f3fb,84,118,83,person cartwheeling: light skin tone
🤸🏼,1f938_1f3fc,82,116,80,person cartwheeling: medium-light skin tone
🤸🏽,1f938_1f3fd,80,113,76,person cartwheeling: medium skin tone
🤸🏾,1f938_1f3fe,77,111,73,person cartwheeling: medium-dark skin tone
🤸🏿,1f938_1f3ff,73,106,72,person cartwheeling: dark skin tone
🤸‍♂️,1f938_200d_2642_fe0f,81,118,73,man cartwheeling
🤸🏻‍♂️,1f938_1f3fb_200d_2642_fe0f,81,117,82,man cartwheeling: light skin tone
🤸🏼‍♂️,1f938_1f3fc_200d_2642_fe0f,79,115,79,man cartwheeling: medium-light skin tone
🤸🏽‍♂️,1f938_1f3fd_200d_2642_fe0f,77,113,76,man cartwheeling: medium skin tone
🤸🏾‍♂️,1f938_1f3fe_200d_2642_fe0f,76,111,73,man cartwheeling: medium-dark skin tone
🤸🏿‍♂️,1f938_1f3ff_200d_2642_fe0f,72,108,73,man cartwheeling: dark skin tone
🤸‍♀️,1f938_200d_2640_fe0f,81,118,73,woman cartwheeling
🤸🏻‍♀️,1f938_1f3fb_200d_2640_fe0f,81,117,82,woman cartwheeling: light skin tone
🤸🏼‍♀️,1f938_1f3fc_200d_2640_fe0f,79,115,79,woman cartwheeling: medium-light skin tone
🤸🏽‍♀️,1f938_1f3fd_200d_2640_fe0f,77,113,76,woman cartwheeling: medium skin tone
🤸🏾‍♀️,1f938_1f3fe_200d_2640_fe0f,76,111,73,woman cartwheeling: medium-dark skin tone
🤸🏿‍♀️,1f938_1f3ff_200d_2640_fe0f,72,108,73,woman cartwheeling: dark skin tone
🤼,1f93c,93,125,69,people wrestling
🤼🏻,1f93c_1f3fb,128,128,128,people wrestling: light skin tone
🤼🏼,1f93c_1f3fc,128,128,128,people wrestling: medium-light skin tone
🤼🏽,1f93c_1f3fd,128,128,128,people wrestling: medium skin tone
🤼🏾,1f93c_1f3fe,128,128,128,people wrestling: medium-dark skin tone
🤼🏿,1f93c_1f3ff,128,128,128,people wrestling: dark skin tone
🤼‍♂️,1f93c_200d_2642_fe0f,90,123,70,men wrestling
🤼🏻‍♂️,1f93c_1f3fb_200d_2642_fe0f,128,128,128,men wrestling: light skin tone
🤼🏼‍♂️,1f93c_1f3fc_200d_2642_fe0f,128,128,128,men wrestling: medium-light skin tone
🤼🏽‍♂️,1f93c_1f3fd_200d_2642_fe0f,128,128,128,men wrestling: medium skin tone
🤼🏾‍♂️,1f93c_1f3fe_200d_2642_fe0f,128,128,128,men wrestling: medium-dark skin tone
🤼🏿‍♂️,1f93c_1f3ff_200d_2642_fe0f,128,128,128,men wrestling: dark skin tone
🤼‍♀️,1f93c_200d_2640_fe0f,90,123,70,women wrestling
🤼🏻‍♀️,1f93c_1f3fb_200d_2640_fe0f,128,128,128,women wrestling: light skin tone
🤼🏼‍♀️,1f93c_1f3fc_200d_2640_fe0f,128,128,128,women wrestling: medium-light skin tone
🤼🏽‍♀️,1f93c_1f3fd_200d_2640_fe0f,128,128,128,women wrestling: medium skin tone
🤼🏾‍♀️,1f93c_1f3fe_200d_2640_fe0f,128,128,128,women wrestling: medium-dark skin tone
🤼🏿‍♀️,1f93c_1f3ff_200d_2640_fe0f,128,128,128,women wrestling: dark skin tone
🧑🏻‍🫯‍🧑🏼,1f9d1_1f3fb_200d_1faef_200d_1f9d1_1f3fc,128,128,128,"people wrestling: light skin tone, medium-light skin tone"
🧑🏻‍🫯‍🧑🏽,1f9d1_1f3fb_200d_1faef_200d_1f9d1_1f3fd,128,128,128,"people wrestling: light skin tone, medium skin tone"
🧑🏻‍🫯‍🧑🏾,1f9d1_1f3fb_200d_1faef_200d_1f9d1_1f3fe,128,128,128,"people wrestling: light skin tone, medium-dark skin tone"
🧑🏻‍🫯‍🧑🏿,1f9d1_1f3fb_200d_1faef_200d_1f9d1_1f3ff,128,128,128,"people wrestling: light skin tone, dark skin tone"
🧑🏼‍🫯‍🧑🏻,1f9d1_1f3fc_200d_1faef_200d_1f9d1_1f3fb,128,128,128,"people wrestling: medium-light skin tone, light skin tone"
🧑🏼‍🫯‍🧑🏽,1f9d1_1f3fc_200d_1faef_200d_1f9d1_1f3fd,128,128,128,"people wrestling: medium-light skin tone, medium skin tone"
🧑🏼‍🫯‍🧑🏾,1f9d1_1f3fc_200d_1faef_200d_1f9d1_1f3fe,128,128,128,"people wrestling: medium-light skin tone, medium-dark skin tone"
🧑🏼‍🫯‍🧑🏿,1f9d1_1f3fc_200d_1faef_200d_1f9d1_1f3ff,128,128,128,"people wrestling: medium-light skin tone, dark skin tone"
🧑🏽‍🫯‍🧑🏻,1f9d1_1f3fd_200d_1faef_200d_1f9d1_1f3fb,128,128,128,"people wrestling: medium skin tone, light skin tone"
🧑🏽‍🫯‍🧑🏼,1f9d1_1f3fd_200d_1faef_200d_1f9d1_1f3fc,128,128,128,"people wrestling: medium skin tone, medium-light skin tone"
🧑🏽‍🫯‍🧑🏾,1f9d1_1f3fd_200d_1faef_200d_1f9d1_1f3fe,128,128,128,"people wrestling: medium skin tone, medium-dark skin tone"
🧑🏽‍🫯‍🧑🏿,1f9d1_1f3fd_200d_1faef_200d_1f9d1_1f3ff,128,128,128,"people wrestling: medium skin tone, dark skin tone"
🧑🏾‍🫯‍🧑🏻,1f9d1_1f3fe_200d_1faef_200d_1f9d1_1f3fb,128,128,128,"people wrestling: medium-dark skin tone, light skin tone"
🧑🏾‍🫯‍🧑🏼,1f9d1_1f3fe_200d_1faef_200d_1f9d1_1f3fc,128,128,128,"people wrestling: medium-dark skin tone, medium-light skin tone"
🧑🏾‍🫯‍🧑🏽,1f9d1_1f3fe_200d_1faef_200d_1f9d1_1f3fd,128,128,128,"people wrestling: medium-dark skin tone, medium skin tone"
🧑🏾‍🫯‍🧑🏿,1f9d1_1f3fe_200d_1faef_200d_1f9d1_1f3ff,128,128,128,"people wrestling: medium-dark skin tone, dark skin tone"
🧑🏿‍🫯‍🧑🏻,1f9d1_1f3ff_200d_1faef_200d_1f9d1_1f3fb,128,128,128,"people wrestling: dark skin tone, light skin tone"
🧑🏿‍🫯‍🧑🏼,1f9d1_1f3ff_200d_1faef_200d_1f9d1_1f3fc,128,128,128,"people wrestling: dark skin tone, medium-light skin tone"
🧑🏿‍🫯‍🧑🏽,1f9d1_1f3ff_200d_1faef_200d_1f9d1_1f3fd,128,128,128,"people wrestling: dark skin tone, medium skin tone"
🧑🏿‍🫯‍🧑🏾,1f9d1_1f3ff_200d_1faef_200d_1f9d1_1f3fe,128,128,128,"people wrestling: dark skin tone, medium-dark skin tone"
👨🏻‍🫯‍👨🏼,1f468_1f3fb_200d_1faef_200d_1f468_1f3fc,128,128,128,"men wrestling: light skin tone, medium-light skin tone"
👨🏻‍🫯‍👨🏽,1f468_1f3fb_200d_1faef_200d_1f468_1f3fd,128,128,128,"men wrestling: light skin tone, medium skin tone"
👨🏻‍🫯‍👨🏾,1f468_1f3fb_200d_1faef_200d_1f468_1f3fe,128,128,128,"men wrestling: light skin tone, medium-dark skin tone"
👨🏻‍🫯‍👨🏿,1f468_1f3fb_200d_1faef_200d_1f468_1f3ff,128,128,128,"men wrestling: light skin tone, dark skin tone"
👨🏼‍🫯‍👨🏻,1f468_1f3fc_200d_1faef_200d_1f468_1f3fb,128,128,128,"men wrestling: medium-light skin tone, light skin tone"
👨🏼‍🫯‍👨🏽,1f468_1f3fc_200d_1faef_200d_1f468_1f3fd,128,128,128,"men wrestling: medium-light skin tone, medium skin tone"
👨🏼‍🫯‍👨🏾,1f468_1f3fc_200d_1faef_200d_1f468_1f3fe,128,128,128,"men wrestling: medium-light skin tone, medium-dark skin tone"
👨🏼‍🫯‍👨🏿,1f468_1f3fc_200d_1faef_200d_1f468_1f3ff,128,128,128,"men wrestling: medium-light skin tone, dark skin tone"
👨🏽‍🫯‍👨🏻,1f468_1f3fd_200d_1faef_200d_1f468_1f3fb,128,128,128,"men wrestling: medium skin tone, light skin tone"
👨🏽‍🫯‍👨🏼,1f468_1f3fd_200d_1faef_200d_1f468_1f3fc,128,128,128,"men wrestling: medium skin tone, medium-light skin tone"
👨🏽‍🫯‍👨🏾,1f468_1f3fd_200d_1faef_200d_1f468_1f3fe,128,128,128,"men wrestling: medium skin tone, medium-dark skin tone"
👨🏽‍🫯‍👨🏿,1f468_1f3fd_200d_1faef_200d_1f468_1f3ff,128,128,128,"men wrestling: medium skin tone, dark skin tone"
👨🏾‍🫯‍👨🏻,1f468_1f3fe_200d_1faef_200d_1f468_1f3fb,128,128,128,"men wrestling: medium-dark skin tone, light skin tone"
👨🏾‍🫯‍👨🏼,1f468_1f3fe_200d_1faef_200d_1f468_1f3fc,128,128,128,"men wrestling: medium-dark skin tone, medium-light skin tone"
👨🏾‍🫯‍👨🏽,1f468_1f3fe_200d_1faef_200d_1f468_1f3fd,128,128,128,"men wrestling: medium-dark skin tone, medium skin tone"
👨🏾‍🫯‍👨🏿,1f468_1f3fe_200d_1faef_200d_1f468_1f3ff,128,128,128,"men wrestling: medium-dark skin tone, dark skin tone"
👨🏿‍🫯‍👨🏻,1f468_1f3ff_200d_1faef_200d_1f468_1f3fb,128,128,128,"men wrestling: dark skin tone, light skin tone"
👨🏿‍🫯‍👨🏼,1f468_1f3ff_200d_1faef_200d_1f468_1f3fc,128,128,128,"men wrestling: dark skin tone, medium-light skin tone"
👨🏿‍🫯‍👨🏽,1f468_1f3ff_200d_1faef_200d_1f468_1f3fd,128,128,128,"men wrestling: dark skin tone, medium skin tone"
👨🏿‍🫯‍👨🏾,1f468_1f3ff_200d_1faef_200d_1f468_1f3fe,128,128,128,"men wrestling: dark skin tone, medium-dark skin tone"
👩🏻‍🫯‍👩🏼,1f469_1f3fb_200d_1faef_200d_1f469_1f3fc,128,128,128,"women wrestling: light skin tone, medium-light skin tone"
👩🏻‍🫯‍👩🏽,1f469_1f3fb_200d_1faef_200d_1f469_1f3fd,128,128,128,"women wrestling: light skin tone, medium skin tone"
👩🏻‍🫯‍👩🏾,1f469_1f3fb_200d_1faef_200d_1f469_1f3fe,128,128,128,"women wrestling: light skin tone, medium-dark skin tone"
👩🏻‍🫯‍👩🏿,1f469_1f3fb_200d_1faef_200d_1f469_1f3ff,128,128,128,"women wrestling: light skin tone, dark skin tone"
👩🏼‍🫯‍👩🏻,1f469_1f3fc_200d_1faef_200d_1f469_1f3fb,128,128,128,"women wrestling: medium-light skin tone, light skin tone"
👩🏼‍🫯‍👩🏽,1f469_1f3fc_200d_1faef_200d_1f469_1f3fd,128,128,128,"women wrestling: medium-light skin tone, medium skin tone"
👩🏼‍🫯‍👩🏾,1f469_1f3fc_200d_1faef_200d_1f469_1f3fe,128,128,128,"women wrestling: medium-light skin tone, medium-dark skin tone"
👩🏼‍🫯‍👩🏿,1f469_1f3fc_200d_1faef_200d_1f469_1f3ff,128,128,128,"women wrestling: medium-light skin tone, dark skin tone"
👩🏽‍🫯‍👩🏻,1f469_1f3fd_200d_1faef_200d_1f469_1f3fb,128,128,128,"women wrestling: medium skin tone, light skin tone"
👩🏽‍🫯‍👩🏼,1f469_1f3fd_200d_1faef_200d_1f469_1f3fc,128,128,128,"women wrestling: medium skin tone, medium-light skin tone"
👩🏽‍🫯‍👩🏾,1f469_1f3fd_200d_1faef_200d_1f469_1f3fe,128,128,128,"women wrestling: medium skin tone, medium-dark skin tone"
👩🏽‍🫯‍👩🏿,1f469_1f3fd_200d_1faef_200d_1f469_1f3ff,128,128,128,"women wrestling: medium skin tone, dark skin tone"
👩🏾‍🫯‍👩🏻,1f469_1f3fe_200d_1faef_200d_1f469_1f3fb,128,128,128,"women wrestling: medium-dark skin tone, light skin tone"
👩🏾‍🫯‍👩🏼,1f469_1f3fe_200d_1faef_200d_1f469_1f3fc,128,128,128,"women wrestling: medium-dark skin tone, medium-light skin tone"
👩🏾‍🫯‍👩🏽,1f469_1f3fe_200d_1faef_200d_1f469_1f3fd,128,128,128,"women wrestling: medium-dark skin tone, medium skin tone"
👩🏾‍🫯‍👩🏿,1f469_1f3fe_200d_1faef_200d_1f469_1f3ff,128,128,128,"women wrestling: medium-dark skin tone, dark skin tone"
👩🏿‍🫯‍👩🏻,1f469_1f3ff_200d_1faef_200d_1f469_1f3fb,128,128,128,"women wrestling: dark skin tone, light skin tone"
👩🏿‍🫯‍👩🏼,1f469_1f3ff_200d_1faef_200d_1f469_1f3fc,128,128,128,"women wrestling: dark skin tone, medium-light skin tone"
👩🏿‍🫯‍👩🏽,1f469_1f3ff_200d_1faef_200d_1f469_1f3fd,128,128,128,"women wrestling: dark skin tone, medium skin tone"
👩🏿‍🫯‍👩🏾,1f469_1f3ff_200d_1faef_200d_1f469_1f3fe,128,128,128,"women wrestling: dark skin tone, medium-dark skin tone"
🤽,1f93d,92,133,102,person playing water polo
🤽🏻,1f93d_1f3fb,92,132,109,person playing water polo: light skin tone
🤽🏼,1f93d_1f3fc,90,130,107,person playing water polo: medium-light skin tone
🤽🏽,1f93d_1f3fd,89,128,105,person playing water polo: medium skin tone
🤽🏾,1f93d_1f3fe,87,127,103,person playing water polo: medium-dark skin tone
🤽🏿,1f93d_1f3ff,84,124,102,person playing water polo: dark skin tone
🤽‍♂️,1f93d_200d_2642_fe0f,89,130,99,man playing water polo
🤽🏻‍♂️,1f93d_1f3fb_200d_2642_fe0f,89,129,106,man playing water polo: light skin tone
🤽🏼‍♂️,1f93d_1f3fc_200d_2642_fe0f,88,128,104,man playing water polo: medium-light skin tone
🤽🏽‍♂️,1f93d_1f3fd_200d_2642_fe0f,87,126,102,man playing water polo: medium skin tone
🤽🏾‍♂️,1f93d_1f3fe_200d_2642_fe0f,86,125,100,man playing water polo: medium-dark skin tone
🤽🏿‍♂️,1f93d_1f3ff_200d_2642_fe0f,83,123,100,man playing water polo: dark skin tone
🤽‍♀️,1f93d_200d_2640_fe0f,90,130,99,woman playing water polo
🤽🏻‍♀️,1f93d_1f3fb_200d_2640_fe0f,89,129,106,woman playing water polo: light skin tone
🤽🏼‍♀️,1f93d_1f3fc_200d_2640_fe0f,88,128,104,woman playing water polo: medium-light skin tone
🤽🏽‍♀️,1f93d_1f3fd_200d_2640_fe0f,87,126,102,woman playing water polo: medium skin tone
🤽🏾‍♀️,1f93d_1f3fe_200d_2640_fe0f,86,125,100,woman playing water polo: medium-dark skin tone
🤽🏿‍♀️,1f93d_1f3ff_200d_2640_fe0f,83,123,100,woman playing water polo: dark skin tone
🤾,1f93e,86,121,72,person playing handball
🤾🏻,1f93e_1f3fb,86,118,84,person playing handball: light skin tone
🤾🏼,1f93e_1f3fc,84,116,80,person playing handball: medium-light skin tone
🤾🏽,1f93e_1f3fd,81,113,76,person playing handball: medium skin tone
🤾🏾,1f93e_1f3fe,79,110,72,person playing handball: medium-dark skin tone
🤾🏿,1f93e_1f3ff,73,106,71,person playing handball: dark skin tone
🤾‍♂️,1f93e_200d_2642_fe0f,83,119,72,man playing handball
🤾🏻‍♂️,1f93e_1f3fb_200d_2642_fe0f,83,117,82,man playing handball: light skin tone
🤾🏼‍♂️,1f93e_1f3fc_200d_2642_fe0f,81,115,79,man playing handball: medium-light skin tone
🤾🏽‍♂️,1f93e_1f3fd_200d_2642_fe0f,79,113,76,man playing handball: medium skin tone
🤾🏾‍♂️,1f93e_1f3fe_200d_2642_fe0f,77,111,73,man playing handball: medium-dark skin tone
🤾🏿‍♂️,1f93e_1f3ff_200d_2642_fe0f,73,107,72,man playing handball: dark skin tone
🤾‍♀️,1f93e_200d_2640_fe0f,83,119,72,woman playing handball
🤾🏻‍♀️,1f93e_1f3fb_200d_2640_fe0f,83,118,82,woman playing handball: light skin tone
🤾🏼‍♀️,1f93e_1f3fc_200d_2640_fe0f,81,115,79,woman playing handball: medium-light skin tone
🤾🏽‍♀️,1f93e_1f3fd_200d_2640_fe0f,79,113,76,woman playing handball: medium skin tone
🤾🏾‍♀️,1f93e_1f3fe_200d_2640_fe0f,77,111,73,woman playing handball: medium-dark skin tone
🤾🏿‍♀️,1f93e_1f3ff_200d_2640_fe0f,73,107,72,woman playing handball: dark skin tone
🤹,1f939,86,121,72,person juggling
🤹🏻,1f939_1f3fb,86,118,84,person juggling: light skin tone
🤹🏼,1f939_1f3fc,84,116,80,person juggling: medium-light skin tone
🤹🏽,1f939_1f3fd,82,113,76,person juggling: medium skin tone
🤹🏾,1f939_1f3fe,79,111,73,person juggling: medium-dark skin tone
🤹🏿,1f939_1f3ff,74,106,72,person juggling: dark skin tone
🤹‍♂️,1f939_200d_2642_fe0f,84,120,72,man juggling
🤹🏻‍♂️,1f939_1f3fb_200d_2642_fe0f,84,118,83,man juggling: light skin tone
🤹🏼‍♂️,1f939_1f3fc_200d_2642_fe0f,82,115,79,man juggling: medium-light skin tone
🤹🏽‍♂️,1f939_1f3fd_200d_2642_fe0f,80,113,76,man juggling: medium skin tone
🤹🏾‍♂️,1f939_1f3fe_200d_2642_fe0f,78,111,73,man juggling: medium-dark skin tone
🤹🏿‍♂️,1f939_1f3ff_200d_2642_fe0f,73,107,73,man juggling: dark skin tone
🤹‍♀️,1f939_200d_2640_fe0f,83,119,73,woman juggling
🤹🏻‍♀️,1f939_1f3fb_200d_2640_fe0f,83,117,82,woman juggling: light skin tone
🤹🏼‍♀️,1f939_1f3fc_200d_2640_fe0f,81,115,79,woman juggling: medium-light skin tone
🤹🏽‍♀️,1f939_1f3fd_200d_2640_fe0f,79,113,76,woman juggling: medium skin tone
🤹🏾‍♀️,1f939_1f3fe_200d_2640_fe0f,77,111,74,woman juggling: medium-dark skin tone
🤹🏿‍♀️,1f939_1f3ff_200d_2640_fe0f,73,108,73,woman juggling: dark skin tone
🧘,1f9d8,88,122,71,person in lotus position
🧘🏻,1f9d8_1f3fb,87,120,85,person in lotus position: light skin tone
🧘🏼,1f9d8_1f3fc,84,116,81,person in lotus position: medium-light skin tone
🧘🏽,1f9d8_1f3fd,81,113,76,person in lotus position: medium skin tone
🧘🏾,1f9d8_1f3fe,79,110,72,person in lotus position: medium-dark skin tone
🧘🏿,1f9d8_1f3ff,73,105,71,person in lotus position: dark skin tone
🧘‍♂️,1f9d8_200d_2642_fe0f,83,119,72,man in lotus position
🧘🏻‍♂️,1f9d8_1f3fb_200d_2642_fe0f,82,117,82,man in lotus position: light skin tone
🧘🏼‍♂️,1f9d8_1f3fc_200d_2642_fe0f,80,115,79,man in lotus position: medium-light skin tone
🧘🏽‍♂️,1f9d8_1f3fd_200d_2642_fe0f,78,113,76,man in lotus position: medium skin tone
🧘🏾‍♂️,1f9d8_1f3fe_200d_2642_fe0f,76,111,73,man in lotus position: medium-dark skin tone
🧘🏿‍♂️,1f9d8_1f3ff_200d_2642_fe0f,72,107,72,man in lotus position: dark skin tone
🧘‍♀️,1f9d8_200d_2640_fe0f,83,119,72,woman in lotus position
🧘🏻‍♀️,1f9d8_1f3fb_200d_2640_fe0f,82,117,82,woman in lotus position: light skin tone
🧘🏼‍♀️,1f9d8_1f3fc_200d_2640_fe0f,80,115,79,woman in lotus position: medium-light skin tone
🧘🏽‍♀️,1f9d8_1f3fd_200d_2640_fe0f,78,113,76,woman in lotus position: medium skin tone
🧘🏾‍♀️,1f9d8_1f3fe_200d_2640_fe0f,76,111,73,woman in lotus position: medium-dark skin tone
🧘🏿‍♀️,1f9d8_1f3ff_200d_2640_fe0f,72,107,72,woman in lotus position: dark skin tone
🛀,1f6c0,100,130,101,person taking bath
🛀🏻,1f6c0_1f3fb,100,129,102,person taking bath: light skin tone
🛀🏼,1f6c0_1f3fc,100,130,101,person taking bath: medium-light skin tone
🛀🏽,1f6c0_1f3fd,99,128,101,person taking bath: medium skin tone
🛀🏾,1f6c0_1f3fe,99,129,102,person taking bath: medium-dark skin tone
🛀🏿,1f6c0_1f3ff,99,129,101,person taking bath: dark skin tone
🛌,1f6cc,90,128,101,person in bed
🛌🏻,1f6cc_1f3fb,90,128,101,person in bed: light skin tone
🛌🏼,1f6cc_1f3fc,90,128,101,person in bed: medium-light skin tone
🛌🏽,1f6cc_1f3fd,90,128,101,person in bed: medium skin tone
🛌🏾,1f6cc_1f3fe,90,128,101,person in bed: medium-dark skin tone
🛌🏿,1f6cc_1f3ff,90,128,101,person in bed: dark skin tone
🧑‍🤝‍🧑,1f9d1_200d_1f91d_200d_1f9d1,96,127,68,people holding hands
🧑🏻‍🤝‍🧑🏻,1f9d1_1f3fb_200d_1f91d_200d_1f9d1_1f3fb,94,123,89,people holding hands: light skin tone
🧑🏻‍🤝‍🧑🏼,1f9d1_1f3fb_200d_1f91d_200d_1f9d1_1f3fc,92,120,86,"people holding hands: light skin tone, medium-light skin tone"
🧑🏻‍🤝‍🧑🏽,1f9d1_1f3fb_200d_1f91d_200d_1f9d1_1f3fd,90,118,82,"people holding hands: light skin tone, medium skin tone"
🧑🏻‍🤝‍🧑🏾,1f9d1_1f3fb_200d_1f91d_200d_1f9d1_1f3fe,88,116,79,"people holding hands: light skin tone, medium-dark skin tone"
🧑🏻‍🤝‍🧑🏿,1f9d1_1f3fb_200d_1f91d_200d_1f9d1_1f3ff,84,112,79,"people holding hands: light skin tone, dark skin tone"
🧑🏼‍🤝‍🧑🏻,1f9d1_1f3fc_200d_1f91d_200d_1f9d1_1f3fb,92,120,86,"people holding hands: medium-light skin tone, light skin tone"
🧑🏼‍🤝‍🧑🏼,1f9d1_1f3fc_200d_1f91d_200d_1f9d1_1f3fc,90,118,82,people holding hands: medium-light skin tone
🧑🏼‍🤝‍🧑🏽,1f9d1_1f3fc_200d_1f91d_200d_1f9d1_1f3fd,88,115,79,"people holding hands: medium-light skin tone, medium skin tone"
🧑🏼‍🤝‍🧑🏾,1f9d1_1f3fc_200d_1f91d_200d_1f9d1_1f3fe,86,113,76,"people holding hands: medium-light skin tone, medium-dark skin tone"
🧑🏼‍🤝‍🧑🏿,1f9d1_1f3fc_200d_1f91d_200d_1f9d1_1f3ff,82,110,75,"people holding hands: medium-light skin tone, dark skin tone"
🧑🏽‍🤝‍🧑🏻,1f9d1_1f3fd_200d_1f91d_200d_1f9d1_1f3fb,90,118,82,"people holding hands: medium skin tone, light skin tone"
🧑🏽‍🤝‍🧑🏼,1f9d1_1f3fd_200d_1f91d_200d_1f9d1_1f3fc,88,115,79,"people holding hands: medium skin tone, medium-light skin tone"
🧑🏽‍🤝‍🧑🏽,1f9d1_1f3fd_200d_1f91d_200d_1f9d1_1f3fd,86,113,76,people holding hands: medium skin tone
🧑🏽‍🤝‍🧑🏾,1f9d1_1f3fd_200d_1f91d_200d_1f9d1_1f3fe,84,111,73,"people holding hands: medium skin tone, medium-dark skin tone"
🧑🏽‍🤝‍🧑🏿,1f9d1_1f3fd_200d_1f91d_200d_1f9d1_1f3ff,80,107,72,"people holding hands: medium skin tone, dark skin tone"
🧑🏾‍🤝‍🧑🏻,1f9d1_1f3fe_200d_1f91d_200d_1f9d1_1f3fb,88,116,79,"people holding hands: medium-dark skin tone, light skin tone"
🧑🏾‍🤝‍🧑🏼,1f9d1_1f3fe_200d_1f91d_200d_1f9d1_1f3fc,86,113,76,"people holding hands: medium-dark skin tone, medium-light skin tone"
🧑🏾‍🤝‍🧑🏽,1f9d1_1f3fe_200d_1f91d_200d_1f9d1_1f3fd,84,111,73,"people holding hands: medium-dark skin tone, medium skin tone"
🧑🏾‍🤝‍🧑🏾,1f9d1_1f3fe_200d_1f91d_200d_1f9d1_1f3fe,82,109,70,people holding hands: medium-dark skin tone
🧑🏾‍🤝‍🧑🏿,1f9d1_1f3fe_200d_1f91d_200d_1f9d1_1f3ff,78,105,69,"people holding hands: medium-dark skin tone, dark skin tone"
🧑🏿‍🤝‍🧑🏻,1f9d1_1f3ff_200d_1f91d_200d_1f9d1_1f3fb,84,112,79,"people holding hands: dark skin tone, light skin tone"
🧑🏿‍🤝‍🧑🏼,1f9d1_1f3ff_200d_1f91d_200d_1f9d1_1f3fc,82,110,76,"people holding hands: dark skin tone, medium-light skin tone"
🧑🏿‍🤝‍🧑🏽,1f9d1_1f3ff_200d_1f91d_200d_1f9d1_1f3fd,80,107,72,"people holding hands: dark skin tone, medium skin tone"
🧑🏿‍🤝‍🧑🏾,1f9d1_1f3ff_200d_1f91d_200d_1f9d1_1f3fe,78,105,69,"people holding hands: dark skin tone, medium-dark skin tone"
🧑🏿‍🤝‍🧑🏿,1f9d1_1f3ff_200d_1f91d_200d_1f9d1_1f3ff,73,101,68,people holding hands: dark skin tone
👭,1f46d,96,126,68,women holding hands
👭🏻,1f46d_1f3fb,94,122,89,women holding hands: light skin tone
👩🏻‍🤝‍👩🏼,1f469_1f3fb_200d_1f91d_200d_1f469_1f3fc,92,120,86,"women holding hands: light skin tone, medium-light skin tone"
👩🏻‍🤝‍👩🏽,1f469_1f3fb_200d_1f91d_200d_1f469_1f3fd,90,118,82,"women holding hands: light skin tone, medium skin tone"
👩🏻‍🤝‍👩🏾,1f469_1f3fb_200d_1f91d_200d_1f469_1f3fe,88,116,79,"women holding hands: light skin tone, medium-dark skin tone"
👩🏻‍🤝‍👩🏿,1f469_1f3fb_200d_1f91d_200d_1f469_1f3ff,84,112,79,"women holding hands: light skin tone, dark skin tone"
👩🏼‍🤝‍👩🏻,1f469_1f3fc_200d_1f91d_200d_1f469_1f3fb,92,120,86,"women holding hands: medium-light skin tone, light skin tone"
👭🏼,1f46d_1f3fc,90,118,82,women holding hands: medium-light skin tone
👩🏼‍🤝‍👩🏽,1f469_1f3fc_200d_1f91d_200d_1f469_1f3fd,88,115,79,"women holding hands: medium-light skin tone, medium skin tone"
👩🏼‍🤝‍👩🏾,1f469_1f3fc_200d_1f91d_200d_1f469_1f3fe,86,113,76,"women holding hands: medium-light skin tone, medium-dark skin tone"
👩🏼‍🤝‍👩🏿,1f469_1f3fc_200d_1f91d_200d_1f469_1f3ff,82,109,75,"women holding hands: medium-light skin tone, dark skin tone"
👩🏽‍🤝‍👩🏻,1f469_1f3fd_200d_1f91d_200d_1f469_1f3fb,90,118,82,"women holding hands: medium skin tone, light skin tone"
👩🏽‍🤝‍👩🏼,1f469_1f3fd_200d_1f91d_200d_1f469_1f3fc,88,115,79,"women holding hands: medium skin tone, medium-light skin tone"
👭🏽,1f46d_1f3fd,86,113,76,women holding hands: medium skin tone
👩🏽‍🤝‍👩🏾,1f469_1f3fd_200d_1f91d_200d_1f469_1f3fe,84,111,73,"women holding hands: medium skin tone, medium-dark skin tone"
👩🏽‍🤝‍👩🏿,1f469_1f3fd_200d_1f91d_200d_1f469_1f3ff,80,107,72,"women holding hands: medium skin tone, dark skin tone"
👩🏾‍🤝‍👩🏻,1f469_1f3fe_200d_1f91d_200d_1f469_1f3fb,88,116,79,"women holding hands: medium-dark skin tone, light skin tone"
👩🏾‍🤝‍👩🏼,1f469_1f3fe_200d_1f91d_200d_1f469_1f3fc,86,113,76,"women holding hands: medium-dark skin tone, medium-light skin tone"
👩🏾‍🤝‍👩🏽,1f469_1f3fe_200d_1f91d_200d_1f469_1f3fd,84,111,73,"women holding hands: medium-dark skin tone, medium skin tone"
👭🏾,1f46d_1f3fe,82,109,70,women holding hands: medium-dark skin tone
👩🏾‍🤝‍👩🏿,1f469_1f3fe_200d_1f91d_200d_1f469_1f3ff,78,105,69,"women holding hands: medium-dark skin tone, dark skin tone"
👩🏿‍🤝‍👩🏻,1f469_1f3ff_200d_1f91d_200d_1f469_1f3fb,84,112,79,"women holding hands: dark skin tone, light skin tone"
👩🏿‍🤝‍👩🏼,1f469_1f3ff_200d_1f91d_200d_1f469_1f3fc,82,109,75,"women holding hands: dark skin tone, medium-light skin tone"
👩🏿‍🤝‍👩🏽,1f469_1f3ff_200d_1f91d_200d_1f469_1f3fd,80,107,72,"women holding hands: dark skin tone, medium skin tone"
👩🏿‍🤝‍👩🏾,1f469_1f3ff_200d_1f91d_200d_1f469_1f3fe,78,105,69,"women holding hands: dark skin tone, medium-dark skin tone"
👭🏿,1f46d_1f3ff,73,101,68,women holding hands: dark skin tone
👫,1f46b,96,126,68,woman and man holding hands
👫🏻,1f46b_1f3fb,94,123,89,woman and man holding hands: light skin tone
👩🏻‍🤝‍👨🏼,1f469_1f3fb_200d_1f91d_200d_1f468_1f3fc,92,120,86,"woman and man holding hands: light skin tone, medium-light skin tone"
👩🏻‍🤝‍👨🏽,1f469_1f3fb_200d_1f91d_200d_1f468_1f3fd,90,118,82,"woman and man holding hands: light skin tone, medium skin tone"
👩🏻‍🤝‍👨🏾,1f469_1f3fb_200d_1f91d_200d_1f468_1f3fe,88,115,79,"woman and man holding hands: light skin tone, medium-dark skin tone"
👩🏻‍🤝‍👨🏿,1f469_1f3fb_200d_1f91d_200d_1f468_1f3ff,84,112,79,"woman and man holding hands: light skin tone, dark skin tone"
👩🏼‍🤝‍👨🏻,1f469_1f3fc_200d_1f91d_200d_1f468_1f3fb,92,120,86,"woman and man holding hands: medium-light skin tone, light skin tone"
👫🏼,1f46b_1f3fc,90,118,82,woman and man holding hands: medium-light skin tone
👩🏼‍🤝‍👨🏽,1f469_1f3fc_200d_1f91d_200d_1f468_1f3fd,88,115,79,"woman and man holding hands: medium-light skin tone, medium skin tone"
👩🏼‍🤝‍👨🏾,1f469_1f3fc_200d_1f91d_200d_1f468_1f3fe,86,113,76,"woman and man holding hands: medium-light skin tone, medium-dark skin tone"
👩🏼‍🤝‍👨🏿,1f469_1f3fc_200d_1f91d_200d_1f468_1f3ff,82,109,75,"woman and man holding hands: medium-light skin tone, dark skin tone"
👩🏽‍🤝‍👨🏻,1f469_1f3fd_200d_1f91d_200d_1f468_1f3fb,90,118,82,"woman and man holding hands: medium skin tone, light skin tone"
👩🏽‍🤝‍👨🏼,1f469_1f3fd_200d_1f91d_200d_1f468_1f3fc,88,115,79,"woman and man holding hands: medium skin tone, medium-light skin tone"
👫🏽,1f46b_1f3fd,86,113,76,woman and man holding hands: medium skin tone
👩🏽‍🤝‍👨🏾,1f469_1f3fd_200d_1f91d_200d_1f468_1f3fe,84,111,73,"woman and man holding hands: medium skin tone, medium-dark skin tone"
👩🏽‍🤝‍👨🏿,1f469_1f3fd_200d_1f91d_200d_1f468_1f3ff,80,107,72,"woman and man holding hands: medium skin tone, dark skin tone"
👩🏾‍🤝‍👨🏻,1f469_1f3fe_200d_1f91d_200d_1f468_1f3fb,88,116,79,"woman and man holding hands: medium-dark skin tone, light skin tone"
👩🏾‍🤝‍👨🏼,1f469_1f3fe_200d_1f91d_200d_1f468_1f3fc,86,113,76,"woman and man holding hands: medium-dark skin tone, medium-light skin tone"
👩🏾‍🤝‍👨🏽,1f469_1f3fe_200d_1f91d_200d_1f468_1f3fd,84,111,73,"woman and man holding hands: medium-dark skin tone, medium skin tone"
👫🏾,1f46b_1f3fe,82,109,70,woman and man holding hands: medium-dark skin tone
👩🏾‍🤝‍👨🏿,1f469_1f3fe_200d_1f91d_200d_1f468_1f3ff,78,105,69,"woman and man holding hands: medium-dark skin tone, dark skin tone"
👩🏿‍🤝‍👨🏻,1f469_1f3ff_200d_1f91d_200d_1f468_1f3fb,84,112,79,"woman and man holding hands: dark skin tone, light skin tone"
👩🏿‍🤝‍👨🏼,1f469_1f3ff_200d_1f91d_200d_1f468_1f3fc,82,109,75,"woman and man holding hands: dark skin tone, medium-light skin tone"
👩🏿‍🤝‍👨🏽,1f469_1f3ff_200d_1f91d_200d_1f468_1f3fd,80,107,72,"woman and man holding hands: dark skin tone, medium skin tone"
👩🏿‍🤝‍👨🏾,1f469_1f3ff_200d_1f91d_200d_1f468_1f3fe,78,105,69,"woman and man holding hands: dark skin tone, medium-dark skin tone"
👫🏿,1f46b_1f3ff,73,101,68,woman and man holding hands: dark skin tone
👬,1f46c,95,126,68,men holding hands
👬🏻,1f46c_1f3fb,94,123,89,men holding hands: light skin tone
👨🏻‍🤝‍👨🏼,1f468_1f3fb_200d_1f91d_200d_1f468_1f3fc,92,120,86,"men holding hands: light skin tone, medium-light skin tone"
👨🏻‍🤝‍👨🏽,1f468_1f3fb_200d_1f91d_200d_1f468_1f3fd,90,118,82,"men holding hands: light skin tone, medium skin tone"
👨🏻‍🤝‍👨🏾,1f468_1f3fb_200d_1f91d_200d_1f468_1f3fe,88,116,79,"men holding hands: light skin tone, medium-dark skin tone"
👨🏻‍🤝‍👨🏿,1f468_1f3fb_200d_1f91d_200d_1f468_1f3ff,84,112,79,"men holding hands: light skin tone, dark skin tone"
👨🏼‍🤝‍👨🏻,1f468_1f3fc_200d_1f91d_200d_1f468_1f3fb,92,120,86,"men holding hands: medium-light skin tone, light skin tone"
👬🏼,1f46c_1f3fc,90,118,82,men holding hands: medium-light skin tone
👨🏼‍🤝‍👨🏽,1f468_1f3fc_200d_1f91d_200d_1f468_1f3fd,88,115,79,"men holding hands: medium-light skin tone, medium skin tone"
👨🏼‍🤝‍👨🏾,1f468_1f3fc_200d_1f91d_200d_1f468_1f3fe,86,113,76,"men holding hands: medium-light skin tone, medium-dark skin tone"
👨🏼‍🤝‍👨🏿,1f468_1f3fc_200d_1f91d_200d_1f468_1f3ff,82,109,75,"men holding hands: medium-light skin tone, dark skin tone"
👨🏽‍🤝‍👨🏻,1f468_1f3fd_200d_1f91d_200d_1f468_1f3fb,90,118,82,"men holding hands: medium skin tone, light skin tone"
👨🏽‍🤝‍👨🏼,1f468_1f3fd_200d_1f91d_200d_1f468_1f3fc,88,115,79,"men holding hands: medium skin tone, medium-light skin tone"
👬🏽,1f46c_1f3fd,86,113,76,men holding hands: medium skin tone
👨🏽‍🤝‍👨🏾,1f468_1f3fd_200d_1f91d_200d_1f468_1f3fe,84,111,73,"men holding hands: medium skin tone, medium-dark skin tone"
👨🏽‍🤝‍👨🏿,1f468_1f3fd_200d_1f91d_200d_1f468_1f3ff,80,107,72,"men holding hands: medium skin tone, dark skin tone"
👨🏾‍🤝‍👨🏻,1f468_1f3fe_200d_1f91d_200d_1f468_1f3fb,88,115,79,"men holding hands: medium-dark skin tone, light skin tone"
👨🏾‍🤝‍👨🏼,1f468_1f3fe_200d_1f91d_200d_1f468_1f3fc,86,113,76,"men holding hands: medium-dark skin tone, medium-light skin tone"
👨🏾‍🤝‍👨🏽,1f468_1f3fe_200d_1f91d_200d_1f468_1f3fd,84,111,73,"men holding hands: medium-dark skin tone, medium skin tone"
👬🏾,1f46c_1f3fe,82,108,70,men holding hands: medium-dark skin tone
👨🏾‍🤝‍👨🏿,1f468_1f3fe_200d_1f91d_200d_1f468_1f3ff,78,105,69,"men holding hands: medium-dark skin tone, dark skin tone"
👨🏿‍🤝‍👨🏻,1f468_1f3ff_200d_1f91d_200d_1f468_1f3fb,84,112,79,"men holding hands: dark skin tone, light skin tone"
👨🏿‍🤝‍👨🏼,1f468_1f3ff_200d_1f91d_200d_1f468_1f3fc,82,109,75,"men holding hands: dark skin tone, medium-light skin tone"
👨🏿‍🤝‍👨🏽,1f468_1f3ff_200d_1f91d_200d_1f468_1f3fd,80,107,72,"men holding hands: dark skin tone, medium skin tone"
👨🏿‍🤝‍👨🏾,1f468_1f3ff_200d_1f91d_200d_1f468_1f3fe,78,105,69,"men holding hands: dark skin tone, medium-dark skin tone"
👬🏿,1f46c_1f3ff,73,101,68,men holding hands: dark skin tone
💏,1f48f,94,116,69,kiss
💏🏻,1f48f_1f3fb,93,115,78,kiss: light skin tone
💏🏼,1f48f_1f3fc,100,123,74,kiss: medium-light skin tone
💏🏽,1f48f_1f3fd,84,106,72,kiss: medium skin tone
💏🏾,1f48f_1f3fe,82,109,73,kiss: medium-dark skin tone
💏🏿,1f48f_1f3ff,78,106,72,kiss: dark skin tone
🧑🏻‍❤️‍💋‍🧑🏼,1f9d1_1f3fb_200d_2764_fe0f_200d_1f48b_200d_1f9d1_1f3fc,92,113,76,"kiss: person, person, light skin tone, medium-light skin tone"
🧑🏻‍❤️‍💋‍🧑🏽,1f9d1_1f3fb_200d_2764_fe0f_200d_1f48b_200d_1f9d1_1f3fd,92,112,75,"kiss: person, person, light skin tone, medium skin tone"
🧑🏻‍❤️‍💋‍🧑🏾,1f9d1_1f3fb_200d_2764_fe0f_200d_1f48b_200d_1f9d1_1f3fe,91,112,74,"kiss: person, person, light skin tone, medium-dark skin tone"
🧑🏻‍❤️‍💋‍🧑🏿,1f9d1_1f3fb_200d_2764_fe0f_200d_1f48b_200d_1f9d1_1f3ff,89,110,74,"kiss: person, person, light skin tone, dark skin tone"
🧑🏼‍❤️‍💋‍🧑🏻,1f9d1_1f3fc_200d_2764_fe0f_200d_1f48b_200d_1f9d1_1f3fb,93,114,77,"kiss: person, person, medium-light skin tone, light skin tone"
🧑🏼‍❤️‍💋‍🧑🏽,1f9d1_1f3fc_200d_2764_fe0f_200d_1f48b_200d_1f9d1_1f3fd,91,112,74,"kiss: person, person, medium-light skin tone, medium skin tone"
🧑🏼‍❤️‍💋‍🧑🏾,1f9d1_1f3fc_200d_2764_fe0f_200d_1f48b_200d_1f9d1_1f3fe,90,111,73,"kiss: person, person, medium-light skin tone, medium-dark skin tone"
🧑🏼‍❤️‍💋‍🧑🏿,1f9d1_1f3fc_200d_2764_fe0f_200d_1f48b_200d_1f9d1_1f3ff,88,109,72,"kiss: person, person, medium-light skin tone, dark skin tone"
🧑🏽‍❤️‍💋‍🧑🏻,1f9d1_1f3fd_200d_2764_fe0f_200d_1f48b_200d_1f9d1_1f3fb,92,113,75,"kiss: person, person, medium skin tone, light skin tone"
🧑🏽‍❤️‍💋‍🧑🏼,1f9d1_1f3fd_200d_2764_fe0f_200d_1f48b_200d_1f9d1_1f3fc,91,112,74,"kiss: person, person, medium skin tone, medium-light skin tone"
🧑🏽‍❤️‍💋‍🧑🏾,1f9d1_1f3fd_200d_2764_fe0f_200d_1f48b_200d_1f9d1_1f3fe,89,110,71,"kiss: person, person, medium skin tone, medium-dark skin tone"
🧑🏽‍❤️‍💋‍🧑🏿,1f9d1_1f3fd_200d_2764_fe0f_200d_1f48b_200d_1f9d1_1f3ff,87,108,71,"kiss: person, person, medium skin tone, dark skin tone"
🧑🏾‍❤️‍💋‍🧑🏻,1f9d1_1f3fe_200d_2764_fe0f_200d_1f48b_200d_1f9d1_1f3fb,91,112,74,"kiss: person, person, medium-dark skin tone, light skin tone"
🧑🏾‍❤️‍💋‍🧑🏼,1f9d1_1f3fe_200d_2764_fe0f_200d_1f48b_200d_1f9d1_1f3fc,90,111,73,"kiss: person, person, medium-dark skin tone, medium-light skin tone"
🧑🏾‍❤️‍💋‍🧑🏽,1f9d1_1f3fe_200d_2764_fe0f_200d_1f48b_200d_1f9d1_1f3fd,89,110,71,"kiss: person, person, medium-dark skin tone, medium skin tone"
🧑🏾‍❤️‍💋‍🧑🏿,1f9d1_1f3fe_200d_2764_fe0f_200d_1f48b_200d_1f9d1_1f3ff,86,107,70,"kiss: person, person, medium-dark skin tone, dark skin tone"
🧑🏿‍❤️‍💋‍🧑🏻,1f9d1_1f3ff_200d_2764_fe0f_200d_1f48b_200d_1f9d1_1f3fb,89,110,74,"kiss: person, person, dark skin tone, light skin tone"
🧑🏿‍❤️‍💋‍🧑🏼,1f9d1_1f3ff_200d_2764_fe0f_200d_1f48b_200d_1f9d1_1f3fc,88,109,72,"kiss: person, person, dark skin tone, medium-light skin tone"
🧑🏿‍❤️‍💋‍🧑🏽,1f9d1_1f3ff_200d_2764_fe0f_200d_1f48b_200d_1f9d1_1f3fd,87,108,71,"kiss: person, person, dark skin tone, medium skin tone"
🧑🏿‍❤️‍💋‍🧑🏾,1f9d1_1f3ff_200d_2764_fe0f_200d_1f48b_200d_1f9d1_1f3fe,87,107,70,"kiss: person, person, dark skin tone, medium-dark skin tone"
👩‍❤️‍💋‍👨,1f469_200d_2764_fe0f_200d_1f48b_200d_1f468,94,116,69,"kiss: woman, man"
👩🏻‍❤️‍💋‍👨🏻,1f469_1f3fb_200d_2764_fe0f_200d_1f48b_200d_1f468_1f3fb,93,115,78,"kiss: woman, man, light skin tone"
👩🏻‍❤️‍💋‍👨🏼,1f469_1f3fb_200d_2764_fe0f_200d_1f48b_200d_1f468_1f3fc,92,113,76,"kiss: woman, man, light skin tone, medium-light skin tone"
👩🏻‍❤️‍💋‍👨🏽,1f469_1f3fb_200d_2764_fe0f_200d_1f48b_200d_1f468_1f3fd,92,112,75,"kiss: woman, man, light skin tone, medium skin tone"
👩🏻‍❤️‍💋‍👨🏾,1f469_1f3fb_200d_2764_fe0f_200d_1f48b_200d_1f468_1f3fe,91,112,74,"kiss: woman, man, light skin tone, medium-dark skin tone"
👩🏻‍❤️‍💋‍👨🏿,1f469_1f3fb_200d_2764_fe0f_200d_1f48b_200d_1f468_1f3ff,89,110,74,"kiss: woman, man, light skin tone, dark skin tone"
👩🏼‍❤️‍💋‍👨🏻,1f469_1f3fc_200d_2764_fe0f_200d_1f48b_200d_1f468_1f3fb,93,114,77,"kiss: woman, man, medium-light skin tone, light skin tone"
👩🏼‍❤️‍💋‍👨🏼,1f469_1f3fc_200d_2764_fe0f_200d_1f48b_200d_1f468_1f3fc,100,123,74,"kiss: woman, man, medium-light skin tone"
👩🏼‍❤️‍💋‍👨🏽,1f469_1f3fc_200d_2764_fe0f_200d_1f48b_200d_1f468_1f3fd,91,112,74,"kiss: woman, man, medium-light skin tone, medium skin tone"
👩🏼‍❤️‍💋‍👨🏾,1f469_1f3fc_200d_2764_fe0f_200d_1f48b_200d_1f468_1f3fe,90,111,73,"kiss: woman, man, medium-light skin tone, medium-dark skin tone"
👩🏼‍❤️‍💋‍👨🏿,1f469_1f3fc_200d_2764_fe0f_200d_1f48b_200d_1f468_1f3ff,88,109,72,"kiss: woman, man, medium-light skin tone, dark skin tone"
👩🏽‍❤️‍💋‍👨🏻,1f469_1f3fd_200d_2764_fe0f_200d_1f48b_200d_1f468_1f3fb,92,113,75,"kiss: woman, man, medium skin tone, light skin tone"
👩🏽‍❤️‍💋‍👨🏼,1f469_1f3fd_200d_2764_fe0f_200d_1f48b_200d_1f468_1f3fc,91,112,74,"kiss: woman, man, medium skin tone, medium-light skin tone"
👩🏽‍❤️‍💋‍👨🏽,1f469_1f3fd_200d_2764_fe0f_200d_1f48b_200d_1f468_1f3fd,84,106,72,"kiss: woman, man, medium skin tone"
👩🏽‍❤️‍💋‍👨🏾,1f469_1f3fd_200d_2764_fe0f_200d_1f48b_200d_1f468_1f3fe,89,110,71,"kiss: woman, man, medium skin tone, medium-dark skin tone"
👩🏽‍❤️‍💋‍👨🏿,1f469_1f3fd_200d_2764_fe0f_200d_1f48b_200d_1f468_1f3ff,87,108,71,"kiss: woman, man, medium skin tone, dark skin tone"
👩🏾‍❤️‍💋‍👨🏻,1f469_1f3fe_200d_2764_fe0f_200d_1f48b_200d_1f468_1f3fb,91,112,74,"kiss: woman, man, medium-dark skin tone, light skin tone"
👩🏾‍❤️‍💋‍👨🏼,1f469_1f3fe_200d_2764_fe0f_200d_1f48b_200d_1f468_1f3fc,90,111,73,"kiss: woman, man, medium-dark skin tone, medium-light skin tone"
👩🏾‍❤️‍💋‍👨🏽,1f469_1f3fe_200d_2764_fe0f_200d_1f48b_200d_1f468_1f3fd,89,110,71,"kiss: woman, man, medium-dark skin tone, medium skin tone"
👩🏾‍❤️‍💋‍👨🏾,1f469_1f3fe_200d_2764_fe0f_200d_1f48b_200d_1f468_1f3fe,82,109,73,"kiss: woman, man, medium-dark skin tone"
👩🏾‍❤️‍💋‍👨🏿,1f469_1f3fe_200d_2764_fe0f_200d_1f48b_200d_1f468_1f3ff,86,107,70,"kiss: woman, man, medium-dark skin tone, dark skin tone"
👩🏿‍❤️‍💋‍👨🏻,1f469_1f3ff_200d_2764_fe0f_200d_1f48b_200d_1f468_1f3fb,89,110,74,"kiss: woman, man, dark skin tone, light skin tone"
👩🏿‍❤️‍💋‍👨🏼,1f469_1f3ff_200d_2764_fe0f_200d_1f48b_200d_1f468_1f3fc,88,109,72,"kiss: woman, man, dark skin tone, medium-light skin tone"
👩🏿‍❤️‍💋‍👨🏽,1f469_1f3ff_200d_2764_fe0f_200d_1f48b_200d_1f468_1f3fd,87,108,71,"kiss: woman, man, dark skin tone, medium skin tone"
👩🏿‍❤️‍💋‍👨🏾,1f469_1f3ff_200d_2764_fe0f_200d_1f48b_200d_1f468_1f3fe,87,107,70,"kiss: woman, man, dark skin tone, medium-dark skin tone"
👩🏿‍❤️‍💋‍👨🏿,1f469_1f3ff_200d_2764_fe0f_200d_1f48b_200d_1f468_1f3ff,78,106,72,"kiss: woman, man, dark skin tone"
👨‍❤️‍💋‍👨,1f468_200d_2764_fe0f_200d_1f48b_200d_1f468,90,116,70,"kiss: man, man"
👨🏻‍❤️‍💋‍👨🏻,1f468_1f3fb_200d_2764_fe0f_200d_1f48b_200d_1f468_1f3fb,90,115,79,"kiss: man, man, light skin tone"
👨🏻‍❤️‍💋‍👨🏼,1f468_1f3fb_200d_2764_fe0f_200d_1f48b_200d_1f468_1f3fc,89,114,78,"kiss: man, man, light skin tone, medium-light skin tone"
👨🏻‍❤️‍💋‍👨🏽,1f468_1f3fb_200d_2764_fe0f_200d_1f48b_200d_1f468_1f3fd,88,113,76,"kiss: man, man, light skin tone, medium skin tone"
👨🏻‍❤️‍💋‍👨🏾,1f468_1f3fb_200d_2764_fe0f_200d_1f48b_200d_1f468_1f3fe,87,112,75,"kiss: man, man, light skin tone, medium-dark skin tone"
👨🏻‍❤️‍💋‍👨🏿,1f468_1f3fb_200d_2764_fe0f_200d_1f48b_200d_1f468_1f3ff,85,110,75,"kiss: man, man, light skin tone, dark skin tone"
👨🏼‍❤️‍💋‍👨🏻,1f468_1f3fc_200d_2764_fe0f_200d_1f48b_200d_1f468_1f3fb,89,114,78,"kiss: man, man, medium-light skin tone, light skin tone"
👨🏼‍❤️‍💋‍👨🏼,1f468_1f3fc_200d_2764_fe0f_200d_1f48b_200d_1f468_1f3fc,93,119,76,"kiss: man, man, medium-light skin tone"
👨🏼‍❤️‍💋‍👨🏽,1f468_1f3fc_200d_2764_fe0f_200d_1f48b_200d_1f468_1f3fd,87,112,75,"kiss: man, man, medium-light skin tone, medium skin tone"
👨🏼‍❤️‍💋‍👨🏾,1f468_1f3fc_200d_2764_fe0f_200d_1f48b_200d_1f468_1f3fe,86,111,74,"kiss: man, man, medium-light skin tone, medium-dark skin tone"
👨🏼‍❤️‍💋‍👨🏿,1f468_1f3fc_200d_2764_fe0f_200d_1f48b_200d_1f468_1f3ff,84,109,73,"kiss: man, man, medium-light skin tone, dark skin tone"
👨🏽‍❤️‍💋‍👨🏻,1f468_1f3fd_200d_2764_fe0f_200d_1f48b_200d_1f468_1f3fb,88,113,77,"kiss: man, man, medium skin tone, light skin tone"
👨🏽‍❤️‍💋‍👨🏼,1f468_1f3fd_200d_2764_fe0f_200d_1f48b_200d_1f468_1f3fc,87,112,75,"kiss: man, man, medium skin tone, medium-light skin tone"
👨🏽‍❤️‍💋‍👨🏽,1f468_1f3fd_200d_2764_fe0f_200d_1f48b_200d_1f468_1f3fd,83,108,73,"kiss: man, man, medium skin tone"
👨🏽‍❤️‍💋‍👨🏾,1f468_1f3fd_200d_2764_fe0f_200d_1f48b_200d_1f468_1f3fe,86,110,73,"kiss: man, man, medium skin tone, medium-dark skin tone"
👨🏽‍❤️‍💋‍👨🏿,1f468_1f3fd_200d_2764_fe0f_200d_1f48b_200d_1f468_1f3ff,84,108,72,"kiss: man, man, medium skin tone, dark skin tone"
👨🏾‍❤️‍💋‍👨🏻,1f468_1f3fe_200d_2764_fe0f_200d_1f48b_200d_1f468_1f3fb,87,112,75,"kiss: man, man, medium-dark skin tone, light skin tone"
👨🏾‍❤️‍💋‍👨🏼,1f468_1f3fe_200d_2764_fe0f_200d_1f48b_200d_1f468_1f3fc,86,111,74,"kiss: man, man, medium-dark skin tone, medium-light skin tone"
👨🏾‍❤️‍💋‍👨🏽,1f468_1f3fe_200d_2764_fe0f_200d_1f48b_200d_1f468_1f3fd,86,110,73,"kiss: man, man, medium-dark skin tone, medium skin tone"
👨🏾‍❤️‍💋‍👨🏾,1f468_1f3fe_200d_2764_fe0f_200d_1f48b_200d_1f468_1f3fe,81,110,73,"kiss: man, man, medium-dark skin tone"
👨🏾‍❤️‍💋‍👨🏿,1f468_1f3fe_200d_2764_fe0f_200d_1f48b_200d_1f468_1f3ff,83,107,71,"kiss: man, man, medium-dark skin tone, dark skin tone"
👨🏿‍❤️‍💋‍👨🏻,1f468_1f3ff_200d_2764_fe0f_200d_1f48b_200d_1f468_1f3fb,86,111,75,"kiss: man, man, dark skin tone, light skin tone"
👨🏿‍❤️‍💋‍👨🏼,1f468_1f3ff_200d_2764_fe0f_200d_1f48b_200d_1f468_1f3fc,85,109,74,"kiss: man, man, dark skin tone, medium-light skin tone"
👨🏿‍❤️‍💋‍👨🏽,1f468_1f3ff_200d_2764_fe0f_200d_1f48b_200d_1f468_1f3fd,84,108,72,"kiss: man, man, dark skin tone, medium skin tone"
👨🏿‍❤️‍💋‍👨🏾,1f468_1f3ff_200d_2764_fe0f_200d_1f48b_200d_1f468_1f3fe,83,107,71,"kiss: man, man, dark skin tone, medium-dark skin tone"
👨🏿‍❤️‍💋‍👨🏿,1f468_1f3ff_200d_2764_fe0f_200d_1f48b_200d_1f468_1f3ff,77,106,72,"kiss: man, man, dark skin tone"
👩‍❤️‍💋‍👩,1f469_200d_2764_fe0f_200d_1f48b_200d_1f469,96,116,68,"kiss: woman, woman"
👩🏻‍❤️‍💋‍👩🏻,1f469_1f3fb_200d_2764_fe0f_200d_1f48b_200d_1f469_1f3fb,95,115,78,"kiss: woman, woman, light skin tone"
👩🏻‍❤️‍💋‍👩🏼,1f469_1f3fb_200d_2764_fe0f_200d_1f48b_200d_1f469_1f3fc,95,114,76,"kiss: woman, woman, light skin tone, medium-light skin tone"
👩🏻‍❤️‍💋‍👩🏽,1f469_1f3fb_200d_2764_fe0f_200d_1f48b_200d_1f469_1f3fd,94,112,75,"kiss: woman, woman, light skin tone, medium skin tone"
👩🏻‍❤️‍💋‍👩🏾,1f469_1f3fb_200d_2764_fe0f_200d_1f48b_200d_1f469_1f3fe,93,112,74,"kiss: woman, woman, light skin tone, medium-dark skin tone"
👩🏻‍❤️‍💋‍👩🏿,1f469_1f3fb_200d_2764_fe0f_200d_1f48b_200d_1f469_1f3ff,91,110,73,"kiss: woman, woman, light skin tone, dark skin tone"
👩🏼‍❤️‍💋‍👩🏻,1f469_1f3fc_200d_2764_fe0f_200d_1f48b_200d_1f469_1f3fb,94,113,76,"kiss: woman, woman, medium-light skin tone, light skin tone"
👩🏼‍❤️‍💋‍👩🏼,1f469_1f3fc_200d_2764_fe0f_200d_1f48b_200d_1f469_1f3fc,103,125,73,"kiss: woman, woman, medium-light skin tone"
👩🏼‍❤️‍💋‍👩🏽,1f469_1f3fc_200d_2764_fe0f_200d_1f48b_200d_1f469_1f3fd,93,111,73,"kiss: woman, woman, medium-light skin tone, medium skin tone"
👩🏼‍❤️‍💋‍👩🏾,1f469_1f3fc_200d_2764_fe0f_200d_1f48b_200d_1f469_1f3fe,92,111,72,"kiss: woman, woman, medium-light skin tone, medium-dark skin tone"
👩🏼‍❤️‍💋‍👩🏿,1f469_1f3fc_200d_2764_fe0f_200d_1f48b_200d_1f469_1f3ff,90,109,72,"kiss: woman, woman, medium-light skin tone, dark skin tone"
👩🏽‍❤️‍💋‍👩🏻,1f469_1f3fd_200d_2764_fe0f_200d_1f48b_200d_1f469_1f3fb,93,112,75,"kiss: woman, woman, medium skin tone, light skin tone"
👩🏽‍❤️‍💋‍👩🏼,1f469_1f3fd_200d_2764_fe0f_200d_1f48b_200d_1f469_1f3fc,93,111,73,"kiss: woman, woman, medium skin tone, medium-light skin tone"
👩🏽‍❤️‍💋‍👩🏽,1f469_1f3fd_200d_2764_fe0f_200d_1f48b_200d_1f469_1f3fd,85,105,71,"kiss: woman, woman, medium skin tone"
👩🏽‍❤️‍💋‍👩🏾,1f469_1f3fd_200d_2764_fe0f_200d_1f48b_200d_1f469_1f3fe,91,109,71,"kiss: woman, woman, medium skin tone, medium-dark skin tone"
👩🏽‍❤️‍💋‍👩🏿,1f469_1f3fd_200d_2764_fe0f_200d_1f48b_200d_1f469_1f3ff,89,108,70,"kiss: woman, woman, medium skin tone, dark skin tone"
👩🏾‍❤️‍💋‍👩🏻,1f469_1f3fe_200d_2764_fe0f_200d_1f48b_200d_1f469_1f3fb,93,111,73,"kiss: woman, woman, medium-dark skin tone, light skin tone"
👩🏾‍❤️‍💋‍👩🏼,1f469_1f3fe_200d_2764_fe0f_200d_1f48b_200d_1f469_1f3fc,92,110,72,"kiss: woman, woman, medium-dark skin tone, medium-light skin tone"
👩🏾‍❤️‍💋‍👩🏽,1f469_1f3fe_200d_2764_fe0f_200d_1f48b_200d_1f469_1f3fd,91,109,71,"kiss: woman, woman, medium-dark skin tone, medium skin tone"
👩🏾‍❤️‍💋‍👩🏾,1f469_1f3fe_200d_2764_fe0f_200d_1f48b_200d_1f469_1f3fe,82,109,72,"kiss: woman, woman, medium-dark skin tone"
👩🏾‍❤️‍💋‍👩🏿,1f469_1f3fe_200d_2764_fe0f_200d_1f48b_200d_1f469_1f3ff,88,107,69,"kiss: woman, woman, medium-dark skin tone, dark skin tone"
👩🏿‍❤️‍💋‍👩🏻,1f469_1f3ff_200d_2764_fe0f_200d_1f48b_200d_1f469_1f3fb,91,110,73,"kiss: woman, woman, dark skin tone, light skin tone"
👩🏿‍❤️‍💋‍👩🏼,1f469_1f3ff_200d_2764_fe0f_200d_1f48b_200d_1f469_1f3fc,90,109,72,"kiss: woman, woman, dark skin tone, medium-light skin tone"
👩🏿‍❤️‍💋‍👩🏽,1f469_1f3ff_200d_2764_fe0f_200d_1f48b_200d_1f469_1f3fd,89,108,70,"kiss: woman, woman, dark skin tone, medium skin tone"
👩🏿‍❤️‍💋‍👩🏾,1f469_1f3ff_200d_2764_fe0f_200d_1f48b_200d_1f469_1f3fe,88,107,69,"kiss: woman, woman, dark skin tone, medium-dark skin tone"
👩🏿‍❤️‍💋‍👩🏿,1f469_1f3ff_200d_2764_fe0f_200d_1f48b_200d_1f469_1f3ff,78,105,72,"kiss: woman, woman, dark skin tone"
💑,1f491,101,124,83,couple with heart
💑🏻,1f491_1f3fb,100,122,92,couple with heart: light skin tone
💑🏼,1f491_1f3fc,107,132,88,couple with heart: medium-light skin tone
💑🏽,1f491_1f3fd,91,114,86,couple with heart: medium skin tone
💑🏾,1f491_1f3fe,89,118,89,couple with heart: medium-dark skin tone
💑🏿,1f491_1f3ff,85,114,88,couple with heart: dark skin tone
🧑🏻‍❤️‍🧑🏼,1f9d1_1f3fb_200d_2764_fe0f_200d_1f9d1_1f3fc,99,121,91,"couple with heart: person, person, light skin tone, medium-light skin tone"
🧑🏻‍❤️‍🧑🏽,1f9d1_1f3fb_200d_2764_fe0f_200d_1f9d1_1f3fd,98,120,89,"couple with heart: person, person, light skin tone, medium skin tone"
🧑🏻‍❤️‍🧑🏾,1f9d1_1f3fb_200d_2764_fe0f_200d_1f9d1_1f3fe,98,119,88,"couple with heart: person, person, light skin tone, medium-dark skin tone"
🧑🏻‍❤️‍🧑🏿,1f9d1_1f3fb_200d_2764_fe0f_200d_1f9d1_1f3ff,96,118,88,"couple with heart: person, person, light skin tone, dark skin tone"
🧑🏼‍❤️‍🧑🏻,1f9d1_1f3fc_200d_2764_fe0f_200d_1f9d1_1f3fb,99,121,91,"couple with heart: person, person, medium-light skin tone, light skin tone"
🧑🏼‍❤️‍🧑🏽,1f9d1_1f3fc_200d_2764_fe0f_200d_1f9d1_1f3fd,98,119,88,"couple with heart: person, person, medium-light skin tone, medium skin tone"
🧑🏼‍❤️‍🧑🏾,1f9d1_1f3fc_200d_2764_fe0f_200d_1f9d1_1f3fe,97,118,87,"couple with heart: person, person, medium-light skin tone, medium-dark skin tone"
🧑🏼‍❤️‍🧑🏿,1f9d1_1f3fc_200d_2764_fe0f_200d_1f9d1_1f3ff,95,117,86,"couple with heart: person, person, medium-light skin tone, dark skin tone"
🧑🏽‍❤️‍🧑🏻,1f9d1_1f3fd_200d_2764_fe0f_200d_1f9d1_1f3fb,98,120,89,"couple with heart: person, person, medium skin tone, light skin tone"
🧑🏽‍❤️‍🧑🏼,1f9d1_1f3fd_200d_2764_fe0f_200d_1f9d1_1f3fc,98,119,88,"couple with heart: person, person, medium skin tone, medium-light skin tone"
🧑🏽‍❤️‍🧑🏾,1f9d1_1f3fd_200d_2764_fe0f_200d_1f9d1_1f3fe,96,118,85,"couple with heart: person, person, medium skin tone, medium-dark skin tone"
🧑🏽‍❤️‍🧑🏿,1f9d1_1f3fd_200d_2764_fe0f_200d_1f9d1_1f3ff,94,116,85,"couple with heart: person, person, medium skin tone, dark skin tone"
🧑🏾‍❤️‍🧑🏻,1f9d1_1f3fe_200d_2764_fe0f_200d_1f9d1_1f3fb,98,119,88,"couple with heart: person, person, medium-dark skin tone, light skin tone"
🧑🏾‍❤️‍🧑🏼,1f9d1_1f3fe_200d_2764_fe0f_200d_1f9d1_1f3fc,97,118,87,"couple with heart: person, person, medium-dark skin tone, medium-light skin tone"
🧑🏾‍❤️‍🧑🏽,1f9d1_1f3fe_200d_2764_fe0f_200d_1f9d1_1f3fd,96,118,85,"couple with heart: person, person, medium-dark skin tone, medium skin tone"
🧑🏾‍❤️‍🧑🏿,1f9d1_1f3fe_200d_2764_fe0f_200d_1f9d1_1f3ff,93,115,84,"couple with heart: person, person, medium-dark skin tone, dark skin tone"
🧑🏿‍❤️‍🧑🏻,1f9d1_1f3ff_200d_2764_fe0f_200d_1f9d1_1f3fb,96,118,88,"couple with heart: person, person, dark skin tone, light skin tone"
🧑🏿‍❤️‍🧑🏼,1f9d1_1f3ff_200d_2764_fe0f_200d_1f9d1_1f3fc,95,117,86,"couple with heart: person, person, dark skin tone, medium-light skin tone"
🧑🏿‍❤️‍🧑🏽,1f9d1_1f3ff_200d_2764_fe0f_200d_1f9d1_1f3fd,94,116,85,"couple with heart: person, person, dark skin tone, medium skin tone"
🧑🏿‍❤️‍🧑🏾,1f9d1_1f3ff_200d_2764_fe0f_200d_1f9d1_1f3fe,93,115,84,"couple with heart: person, person, dark skin tone, medium-dark skin tone"
👩‍❤️‍👨,1f469_200d_2764_fe0f_200d_1f468,101,124,83,"couple with heart: woman, man"
👩🏻‍❤️‍👨🏻,1f469_1f3fb_200d_2764_fe0f_200d_1f468_1f3fb,100,122,92,"couple with heart: woman, man, light skin tone"
👩🏻‍❤️‍👨🏼,1f469_1f3fb_200d_2764_fe0f_200d_1f468_1f3fc,99,121,91,"couple with heart: woman, man, light skin tone, medium-light skin tone"
👩🏻‍❤️‍👨🏽,1f469_1f3fb_200d_2764_fe0f_200d_1f468_1f3fd,98,120,89,"couple with heart: woman, man, light skin tone, medium skin tone"
👩🏻‍❤️‍👨🏾,1f469_1f3fb_200d_2764_fe0f_200d_1f468_1f3fe,98,119,88,"couple with heart: woman, man, light skin tone, medium-dark skin tone"
👩🏻‍❤️‍👨🏿,1f469_1f3fb_200d_2764_fe0f_200d_1f468_1f3ff,96,118,88,"couple with heart: woman, man, light skin tone, dark skin tone"
👩🏼‍❤️‍👨🏻,1f469_1f3fc_200d_2764_fe0f_200d_1f468_1f3fb,99,121,91,"couple with heart: woman, man, medium-light skin tone, light skin tone"
👩🏼‍❤️‍👨🏼,1f469_1f3fc_200d_2764_fe0f_200d_1f468_1f3fc,107,131,88,"couple with heart: woman, man, medium-light skin tone"
👩🏼‍❤️‍👨🏽,1f469_1f3fc_200d_2764_fe0f_200d_1f468_1f3fd,98,119,88,"couple with heart: woman, man, medium-light skin tone, medium skin tone"
👩🏼‍❤️‍👨🏾,1f469_1f3fc_200d_2764_fe0f_200d_1f468_1f3fe,97,118,87,"couple with heart: woman, man, medium-light skin tone, medium-dark skin tone"
👩🏼‍❤️‍👨🏿,1f469_1f3fc_200d_2764_fe0f_200d_1f468_1f3ff,95,117,87,"couple with heart: woman, man, medium-light skin tone, dark skin tone"
👩🏽‍❤️‍👨🏻,1f469_1f3fd_200d_2764_fe0f_200d_1f468_1f3fb,99,120,90,"couple with heart: woman, man, medium skin tone, light skin tone"
👩🏽‍❤️‍👨🏼,1f469_1f3fd_200d_2764_fe0f_200d_1f468_1f3fc,98,119,88,"couple with heart: woman, man, medium skin tone, medium-light skin tone"
👩🏽‍❤️‍👨🏽,1f469_1f3fd_200d_2764_fe0f_200d_1f468_1f3fd,91,114,86,"couple with heart: woman, man, medium skin tone"
👩🏽‍❤️‍👨🏾,1f469_1f3fd_200d_2764_fe0f_200d_1f468_1f3fe,96,118,85,"couple with heart: woman, man, medium skin tone, medium-dark skin tone"
👩🏽‍❤️‍👨🏿,1f469_1f3fd_200d_2764_fe0f_200d_1f468_1f3ff,94,116,85,"couple with heart: woman, man, medium skin tone, dark skin tone"
👩🏾‍❤️‍👨🏻,1f469_1f3fe_200d_2764_fe0f_200d_1f468_1f3fb,98,120,88,"couple with heart: woman, man, medium-dark skin tone, light skin tone"
👩🏾‍❤️‍👨🏼,1f469_1f3fe_200d_2764_fe0f_200d_1f468_1f3fc,97,118,87,"couple with heart: woman, man, medium-dark skin tone, medium-light skin tone"
👩🏾‍❤️‍👨🏽,1f469_1f3fe_200d_2764_fe0f_200d_1f468_1f3fd,96,118,85,"couple with heart: woman, man, medium-dark skin tone, medium skin tone"
👩🏾‍❤️‍👨🏾,1f469_1f3fe_200d_2764_fe0f_200d_1f468_1f3fe,89,118,89,"couple with heart: woman, man, medium-dark skin tone"
👩🏾‍❤️‍👨🏿,1f469_1f3fe_200d_2764_fe0f_200d_1f468_1f3ff,93,115,84,"couple with heart: woman, man, medium-dark skin tone, dark skin tone"
👩🏿‍❤️‍👨🏻,1f469_1f3ff_200d_2764_fe0f_200d_1f468_1f3fb,96,118,88,"couple with heart: woman, man, dark skin tone, light skin tone"
👩🏿‍❤️‍👨🏼,1f469_1f3ff_200d_2764_fe0f_200d_1f468_1f3fc,95,117,86,"couple with heart: woman, man, dark skin tone, medium-light skin tone"
👩🏿‍❤️‍👨🏽,1f469_1f3ff_200d_2764_fe0f_200d_1f468_1f3fd,94,116,85,"couple with heart: woman, man, dark skin tone, medium skin tone"
👩🏿‍❤️‍👨🏾,1f469_1f3ff_200d_2764_fe0f_200d_1f468_1f3fe,93,115,84,"couple with heart: woman, man, dark skin tone, medium-dark skin tone"
👩🏿‍❤️‍👨🏿,1f469_1f3ff_200d_2764_fe0f_200d_1f468_1f3ff,85,115,88,"couple with heart: woman, man, dark skin tone"
👨‍❤️‍👨,1f468_200d_2764_fe0f_200d_1f468,97,124,85,"couple with heart: man, man"
👨🏻‍❤️‍👨🏻,1f468_1f3fb_200d_2764_fe0f_200d_1f468_1f3fb,96,123,94,"couple with heart: man, man, light skin tone"
👨🏻‍❤️‍👨🏼,1f468_1f3fb_200d_2764_fe0f_200d_1f468_1f3fc,95,122,92,"couple with heart: man, man, light skin tone, medium-light skin tone"
👨🏻‍❤️‍👨🏽,1f468_1f3fb_200d_2764_fe0f_200d_1f468_1f3fd,95,121,91,"couple with heart: man, man, light skin tone, medium skin tone"
👨🏻‍❤️‍👨🏾,1f468_1f3fb_200d_2764_fe0f_200d_1f468_1f3fe,94,120,90,"couple with heart: man, man, light skin tone, medium-dark skin tone"
👨🏻‍❤️‍👨🏿,1f468_1f3fb_200d_2764_fe0f_200d_1f468_1f3ff,92,118,89,"couple with heart: man, man, light skin tone, dark skin tone"
👨🏼‍❤️‍👨🏻,1f468_1f3fc_200d_2764_fe0f_200d_1f468_1f3fb,95,122,92,"couple with heart: man, man, medium-light skin tone, light skin tone"
👨🏼‍❤️‍👨🏼,1f468_1f3fc_200d_2764_fe0f_200d_1f468_1f3fc,99,127,90,"couple with heart: man, man, medium-light skin tone"
👨🏼‍❤️‍👨🏽,1f468_1f3fc_200d_2764_fe0f_200d_1f468_1f3fd,94,120,90,"couple with heart: man, man, medium-light skin tone, medium skin tone"
👨🏼‍❤️‍👨🏾,1f468_1f3fc_200d_2764_fe0f_200d_1f468_1f3fe,93,119,88,"couple with heart: man, man, medium-light skin tone, medium-dark skin tone"
👨🏼‍❤️‍👨🏿,1f468_1f3fc_200d_2764_fe0f_200d_1f468_1f3ff,91,117,88,"couple with heart: man, man, medium-light skin tone, dark skin tone"
👨🏽‍❤️‍👨🏻,1f468_1f3fd_200d_2764_fe0f_200d_1f468_1f3fb,95,121,91,"couple with heart: man, man, medium skin tone, light skin tone"
👨🏽‍❤️‍👨🏼,1f468_1f3fd_200d_2764_fe0f_200d_1f468_1f3fc,94,120,90,"couple with heart: man, man, medium skin tone, medium-light skin tone"
👨🏽‍❤️‍👨🏽,1f468_1f3fd_200d_2764_fe0f_200d_1f468_1f3fd,90,116,88,"couple with heart: man, man, medium skin tone"
👨🏽‍❤️‍👨🏾,1f468_1f3fd_200d_2764_fe0f_200d_1f468_1f3fe,92,118,87,"couple with heart: man, man, medium skin tone, medium-dark skin tone"
👨🏽‍❤️‍👨🏿,1f468_1f3fd_200d_2764_fe0f_200d_1f468_1f3ff,90,116,87,"couple with heart: man, man, medium skin tone, dark skin tone"
👨🏾‍❤️‍👨🏻,1f468_1f3fe_200d_2764_fe0f_200d_1f468_1f3fb,94,120,90,"couple with heart: man, man, medium-dark skin tone, light skin tone"
👨🏾‍❤️‍👨🏼,1f468_1f3fe_200d_2764_fe0f_200d_1f468_1f3fc,93,119,88,"couple with heart: man, man, medium-dark skin tone, medium-light skin tone"
👨🏾‍❤️‍👨🏽,1f468_1f3fe_200d_2764_fe0f_200d_1f468_1f3fd,92,118,87,"couple with heart: man, man, medium-dark skin tone, medium skin tone"
👨🏾‍❤️‍👨🏾,1f468_1f3fe_200d_2764_fe0f_200d_1f468_1f3fe,88,118,88,"couple with heart: man, man, medium-dark skin tone"
👨🏾‍❤️‍👨🏿,1f468_1f3fe_200d_2764_fe0f_200d_1f468_1f3ff,89,115,85,"couple with heart: man, man, medium-dark skin tone, dark skin tone"
👨🏿‍❤️‍👨🏻,1f468_1f3ff_200d_2764_fe0f_200d_1f468_1f3fb,92,118,89,"couple with heart: man, man, dark skin tone, light skin tone"
👨🏿‍❤️‍👨🏼,1f468_1f3ff_200d_2764_fe0f_200d_1f468_1f3fc,91,117,88,"couple with heart: man, man, dark skin tone, medium-light skin tone"
👨🏿‍❤️‍👨🏽,1f468_1f3ff_200d_2764_fe0f_200d_1f468_1f3fd,90,116,87,"couple with heart: man, man, dark skin tone, medium skin tone"
👨🏿‍❤️‍👨🏾,1f468_1f3ff_200d_2764_fe0f_200d_1f468_1f3fe,89,115,85,"couple with heart: man, man, dark skin tone, medium-dark skin tone"
👨🏿‍❤️‍👨🏿,1f468_1f3ff_200d_2764_fe0f_200d_1f468_1f3ff,84,114,87,"couple with heart: man, man, dark skin tone"
👩‍❤️‍👩,1f469_200d_2764_fe0f_200d_1f469,103,124,82,"couple with heart: woman, woman"
👩🏻‍❤️‍👩🏻,1f469_1f3fb_200d_2764_fe0f_200d_1f469_1f3fb,102,122,92,"couple with heart: woman, woman, light skin tone"
👩🏻‍❤️‍👩🏼,1f469_1f3fb_200d_2764_fe0f_200d_1f469_1f3fc,101,121,90,"couple with heart: woman, woman, light skin tone, medium-light skin tone"
👩🏻‍❤️‍👩🏽,1f469_1f3fb_200d_2764_fe0f_200d_1f469_1f3fd,101,120,89,"couple with heart: woman, woman, light skin tone, medium skin tone"
👩🏻‍❤️‍👩🏾,1f469_1f3fb_200d_2764_fe0f_200d_1f469_1f3fe,100,119,88,"couple with heart: woman, woman, light skin tone, medium-dark skin tone"
👩🏻‍❤️‍👩🏿,1f469_1f3fb_200d_2764_fe0f_200d_1f469_1f3ff,98,118,87,"couple with heart: woman, woman, light skin tone, dark skin tone"
👩🏼‍❤️‍👩🏻,1f469_1f3fc_200d_2764_fe0f_200d_1f469_1f3fb,101,121,90,"couple with heart: woman, woman, medium-light skin tone, light skin tone"
👩🏼‍❤️‍👩🏼,1f469_1f3fc_200d_2764_fe0f_200d_1f469_1f3fc,111,133,87,"couple with heart: woman, woman, medium-light skin tone"
👩🏼‍❤️‍👩🏽,1f469_1f3fc_200d_2764_fe0f_200d_1f469_1f3fd,100,119,87,"couple with heart: woman, woman, medium-light skin tone, medium skin tone"
👩🏼‍❤️‍👩🏾,1f469_1f3fc_200d_2764_fe0f_200d_1f469_1f3fe,99,118,86,"couple with heart: woman, woman, medium-light skin tone, medium-dark skin tone"
👩🏼‍❤️‍👩🏿,1f469_1f3fc_200d_2764_fe0f_200d_1f469_1f3ff,97,116,86,"couple with heart: woman, woman, medium-light skin tone, dark skin tone"
👩🏽‍❤️‍👩🏻,1f469_1f3fd_200d_2764_fe0f_200d_1f469_1f3fb,100,120,89,"couple with heart: woman, woman, medium skin tone, light skin tone"
👩🏽‍❤️‍👩🏼,1f469_1f3fd_200d_2764_fe0f_200d_1f469_1f3fc,99,119,87,"couple with heart: woman, woman, medium skin tone, medium-light skin tone"
👩🏽‍❤️‍👩🏽,1f469_1f3fd_200d_2764_fe0f_200d_1f469_1f3fd,92,112,85,"couple with heart: woman, woman, medium skin tone"
👩🏽‍❤️‍👩🏾,1f469_1f3fd_200d_2764_fe0f_200d_1f469_1f3fe,98,117,85,"couple with heart: woman, woman, medium skin tone, medium-dark skin tone"
👩🏽‍❤️‍👩🏿,1f469_1f3fd_200d_2764_fe0f_200d_1f469_1f3ff,96,115,84,"couple with heart: woman, woman, medium skin tone, dark skin tone"
👩🏾‍❤️‍👩🏻,1f469_1f3fe_200d_2764_fe0f_200d_1f469_1f3fb,99,119,87,"couple with heart: woman, woman, medium-dark skin tone, light skin tone"
👩🏾‍❤️‍👩🏼,1f469_1f3fe_200d_2764_fe0f_200d_1f469_1f3fc,99,118,86,"couple with heart: woman, woman, medium-dark skin tone, medium-light skin tone"
👩🏾‍❤️‍👩🏽,1f469_1f3fe_200d_2764_fe0f_200d_1f469_1f3fd,98,117,84,"couple with heart: woman, woman, medium-dark skin tone, medium skin tone"
👩🏾‍❤️‍👩🏾,1f469_1f3fe_200d_2764_fe0f_200d_1f469_1f3fe,90,119,89,"couple with heart: woman, woman, medium-dark skin tone"
👩🏾‍❤️‍👩🏿,1f469_1f3fe_200d_2764_fe0f_200d_1f469_1f3ff,95,114,83,"couple with heart: woman, woman, medium-dark skin tone, dark skin tone"
👩🏿‍❤️‍👩🏻,1f469_1f3ff_200d_2764_fe0f_200d_1f469_1f3fb,97,117,87,"couple with heart: woman, woman, dark skin tone, light skin tone"
👩🏿‍❤️‍👩🏼,1f469_1f3ff_200d_2764_fe0f_200d_1f469_1f3fc,96,116,85,"couple with heart: woman, woman, dark skin tone, medium-light skin tone"
👩🏿‍❤️‍👩🏽,1f469_1f3ff_200d_2764_fe0f_200d_1f469_1f3fd,95,115,84,"couple with heart: woman, woman, dark skin tone, medium skin tone"
👩🏿‍❤️‍👩🏾,1f469_1f3ff_200d_2764_fe0f_200d_1f469_1f3fe,95,114,83,"couple with heart: woman, woman, dark skin tone, medium-dark skin tone"
👩🏿‍❤️‍👩🏿,1f469_1f3ff_200d_2764_fe0f_200d_1f469_1f3ff,86,115,88,"couple with heart: woman, woman, dark skin tone"
👨‍👩‍👦,1f468_200d_1f469_200d_1f466,99,131,92,"family: man, woman, boy"
👨‍👩‍👧,1f468_200d_1f469_200d_1f467,99,130,91,"family: man, woman, girl"
👨‍👩‍👧‍👦,1f468_200d_1f469_200d_1f467_200d_1f466,99,127,79,"family: man, woman, girl, boy"
👨‍👩‍👦‍👦,1f468_200d_1f469_200d_1f466_200d_1f466,99,128,81,"family: man, woman, boy, boy"
👨‍👩‍👧‍👧,1f468_200d_1f469_200d_1f467_200d_1f467,99,126,78,"family: man, woman, girl, girl"
👨‍👨‍👦,1f468_200d_1f468_200d_1f466,97,132,94,"family: man, man, boy"
👨‍👨‍👧,1f468_200d_1f468_200d_1f467,97,131,92,"family: man, man, girl"
👨‍👨‍👧‍👦,1f468_200d_1f468_200d_1f467_200d_1f466,97,128,80,"family: man, man, girl, boy"
👨‍👨‍👦‍👦,1f468_200d_1f468_200d_1f466_200d_1f466,97,128,82,"family: man, man, boy, boy"
👨‍👨‍👧‍👧,1f468_200d_1f468_200d_1f467_200d_1f467,97,127,79,"family: man, man, girl, girl"
👩‍👩‍👦,1f469_200d_1f469_200d_1f466,102,131,91,"family: woman, woman, boy"
👩‍👩‍👧,1f469_200d_1f469_200d_1f467,101,130,90,"family: woman, woman, girl"
👩‍👩‍👧‍👦,1f469_200d_1f469_200d_1f467_200d_1f466,101,127,78,"family: woman, woman, girl, boy"
👩‍👩‍👦‍👦,1f469_200d_1f469_200d_1f466_200d_1f466,101,127,80,"family: woman, woman, boy, boy"
👩‍👩‍👧‍👧,1f469_200d_1f469_200d_1f467_200d_1f467,101,126,77,"family: woman, woman, girl, girl"
👨‍👦,1f468_200d_1f466,85,122,83,"family: man, boy"
👨‍👦‍👦,1f468_200d_1f466_200d_1f466,89,124,80,"family: man, boy, boy"
👨‍👧,1f468_200d_1f467,85,122,83,"family: man, girl"
👨‍👧‍👦,1f468_200d_1f467_200d_1f466,90,124,80,"family: man, girl, boy"
👨‍👧‍👧,1f468_200d_1f467_200d_1f467,90,124,79,"family: man, girl, girl"
👩‍👦,1f469_200d_1f466,88,122,82,"family: woman, boy"
👩‍👦‍👦,1f469_200d_1f466_200d_1f466,92,124,79,"family: woman, boy, boy"
👩‍👧,1f469_200d_1f467,87,121,82,"family: woman, girl"
👩‍👧‍👦,1f469_200d_1f467_200d_1f466,92,124,79,"family: woman, girl, boy"
👩‍👧‍👧,1f469_200d_1f467_200d_1f467,92,123,78,"family: woman, girl, girl"
🗣️,1f5e3,100,131,103,speaking head
👤,1f464,95,128,99,bust in silhouette
👥,1f465,105,134,108,busts in silhouette
🫂,1fac2,94,126,69,people hugging
👪️,1f46a,99,131,92,family
🧑‍🧑‍🧒,1f9d1_200d_1f9d1_200d_1f9d2,128,128,128,"family: adult, adult, child"
🧑‍🧑‍🧒‍🧒,1f9d1_200d_1f9d1_200d_1f9d2_200d_1f9d2,128,128,128,"family: adult, adult, child, child"
🧑‍🧒,1f9d1_200d_1f9d2,128,128,128,"family: adult, child"
🧑‍🧒‍🧒,1f9d1_200d_1f9d2_200d_1f9d2,128,128,128,"family: adult, child, child"
👣,1f463,68,103,72,footprints
🫆,1fac6,128,128,128,fingerprint
🏻,1f3fb,149,159,125,light skin tone
🏼,1f3fc,137,145,105,medium-light skin tone
🏽,1f3fd,124,130,87,medium skin tone
🏾,1f3fe,112,115,67,medium-dark skin tone
🏿,1f3ff,86,93,63,dark skin tone
🦰,1f9b0,109,122,66,red hair
🦱,1f9b1,104,125,71,curly hair
🦳,1f9b3,106,134,89,white hair
🦲,1f9b2,105,135,69,bald
🐵,1f435,100,109,67,monkey face
🐒,1f412,85,110,70,monkey
🦍,1f98d,74,104,78,gorilla
🦧,1f9a7,106,110,64,orangutan
🐶,1f436,124,126,70,dog face
🐕️,1f415,107,121,71,dog
🦮,1f9ae,85,112,75,guide dog
🐕‍🦺,1f415_200d_1f9ba,84,108,71,service dog
🐩,1f429,89,121,93,poodle
🐺,1f43a,80,103,83,wolf
🦊,1f98a,131,123,81,fox
🦝,1f99d,88,118,92,raccoon
🐱,1f431,129,131,75,cat face
🐈️,1f408,100,119,71,cat
🐈‍⬛,1f408_200d_2b1b,67,100,71,black cat
🦁,1f981,139,132,74,lion
🐯,1f42f,116,122,84,tiger face
🐅,1f405,92,112,73,tiger
🐆,1f406,92,118,76,leopard
🐴,1f434,89,106,67,horse face
🫎,1face,78,104,70,moose
🫏,1facf,86,120,90,donkey
🐎,1f40e,87,108,69,horse
🦄,1f984,108,139,117,unicorn
🦓,1f993,96,128,100,zebra
🦌,1f98c,86,111,71,deer
🦬,1f9ac,77,101,67,bison
🐮,1f42e,117,135,101,cow face
🐂,1f402,86,111,70,ox
🐃,1f403,68,99,72,water buffalo
🐄,1f404,93,120,84,cow
🐷,1f437,124,119,104,pig face
🐖,1f416,108,120,98,pig
🐗,1f417,75,100,68,boar
🐽,1f43d,122,123,106,pig nose
🐏,1f40f,101,132,103,ram
🐑,1f411,110,140,113,ewe
🐐,1f410,84,109,70,goat
🐪,1f42a,102,118,70,camel
🐫,1f42b,106,121,71,two-hump camel
🦙,1f999,84,110,71,llama
🦒,1f992,88,116,73,giraffe
🐘,1f418,90,118,93,elephant
🦣,1f9a3,87,109,71,mammoth
🦏,1f98f,88,117,92,rhinoceros
🦛,1f99b,87,118,91,hippopotamus
🐭,1f42d,122,141,120,mouse face
🐁,1f401,94,126,97,mouse
🐀,1f400,91,118,92,rat
🐹,1f439,132,137,87,hamster
🐰,1f430,85,110,88,rabbit face
🐇,1f407,84,116,88,rabbit
🐿️,1f43f,99,113,72,chipmunk
🦫,1f9ab,83,107,69,beaver
🦔,1f994,80,106,75,hedgehog
🦇,1f987,67,97,71,bat
🐻,1f43b,88,96,63,bear
🐻‍❄️,1f43b_200d_2744_fe0f,104,136,108,polar bear
🐨,1f428,83,116,86,koala
🐼,1f43c,114,138,117,panda
🦥,1f9a5,85,116,86,sloth
🦦,1f9a6,76,103,69,otter
🦨,1f9a8,84,115,88,skunk
🦘,1f998,78,110,72,kangaroo
🦡,1f9a1,89,120,93,badger
🐾,1f43e,69,105,73,paw prints
🦃,1f983,90,108,69,turkey
🐔,1f414,110,133,102,chicken
🐓,1f413,86,108,70,rooster
🐣,1f423,116,143,101,hatching chick
🐤,1f424,112,138,66,baby chick
🐥,1f425,96,127,70,front-facing baby chick
🐦️,1f426,76,108,72,bird
🐧,1f427,88,122,92,penguin
🕊️,1f54a,102,133,106,dove
🦅,1f985,89,112,73,eagle
🦆,1f986,85,113,70,duck
🦢,1f9a2,105,137,109,swan
🦉,1f989,80,112,81,owl
🦤,1f9a4,81,120,93,dodo
🪶,1fab6,77,113,88,feather
🦩,1f9a9,84,114,84,flamingo
🦚,1f99a,74,119,71,peacock
🦜,1f99c,81,106,74,parrot
🪽,1fabd,95,127,98,wing
🐦‍⬛,1f426_200d_2b1b,73,109,78,black bird
🪿,1fabf,92,126,95,goose
🐦‍🔥,1f426_200d_1f525,128,128,128,phoenix
🐸,1f438,103,139,66,frog
🐊,1f40a,72,114,70,crocodile
🐢,1f422,79,120,66,turtle
🦎,1f98e,75,115,74,lizard
🐍,1f40d,81,121,71,snake
🐲,1f432,76,116,68,dragon face
🐉,1f409,82,119,68,dragon
🦕,1f995,84,111,72,sauropod
🦖,1f996,80,118,70,T-Rex
🐳,1f433,77,119,93,spouting whale
🐋,1f40b,75,120,98,whale
🐬,1f42c,81,116,85,dolphin
🫍,1facd,128,128,128,orca
🦭,1f9ad,89,121,93,seal
🐟️,1f41f,85,130,110,fish
🐠,1f420,82,119,84,tropical fish
🐡,1f421,82,102,67,blowfish
🦈,1f988,77,113,81,shark
🐙,1f419,96,99,68,octopus
🐚,1f41a,88,116,86,spiral shell
🪸,1fab8,92,109,78,coral
🪼,1fabc,98,120,108,jellyfish
🦀,1f980,90,100,69,crab
🦞,1f99e,89,111,79,lobster
🦐,1f990,88,99,68,shrimp
🦑,1f991,89,118,80,squid
🦪,1f9aa,106,128,93,oyster
🐌,1f40c,77,106,71,snail
🦋,1f98b,87,131,115,butterfly
🐛,1f41b,85,122,69,bug
🐜,1f41c,72,109,74,ant
🐝,1f41d,88,125,83,honeybee
🪲,1fab2,71,113,75,beetle
🐞,1f41e,89,98,68,lady beetle
🦗,1f997,72,114,73,cricket
🪳,1fab3,73,107,73,cockroach
🕷️,1f577,75,113,80,spider
🕸️,1f578,83,118,87,spider web
🦂,1f982,75,108,74,scorpion
🦟,1f99f,75,112,79,mosquito
🪰,1fab0,92,121,93,fly
🪱,1fab1,83,111,82,worm
🦠,1f9a0,92,104,72,microbe
💐,1f490,89,116,77,bouquet
🌸,1f338,88,116,84,cherry blossom
💮,1f4ae,87,98,68,white flower
🪷,1fab7,101,120,88,lotus
🏵️,1f3f5,113,100,68,rosette
🌹,1f339,84,109,72,rose
🥀,1f940,82,108,73,wilted flower
🌺,1f33a,90,118,84,hibiscus
🌻,1f33b,84,120,71,sunflower
🌼,1f33c,90,124,70,blossom
🌷,1f337,82,115,73,tulip
🪻,1fabb,75,112,80,hyacinth
🌱,1f331,71,112,75,seedling
🪴,1fab4,82,114,72,potted plant
🌲,1f332,72,117,69,evergreen tree
🌳,1f333,94,133,69,deciduous tree
🌴,1f334,74,116,72,palm tree
🌵,1f335,94,131,69,cactus
🌾,1f33e,82,115,72,sheaf of rice
🌿,1f33f,71,113,74,herb
☘️,2618,73,117,71,shamrock
🍀,1f340,83,122,72,four leaf clover
🍁,1f341,98,119,73,maple leaf
🍂,1f342,82,111,72,fallen leaf
🍃,1f343,79,119,73,leaf fluttering in wind
🪹,1fab9,86,108,69,empty nest
🪺,1faba,92,115,79,nest with eggs
🍄,1f344,104,111,83,mushroom
🪾,1fabe,128,128,128,leafless tree
🍇,1f347,85,112,94,grapes
🍈,1f348,94,118,70,melon
🍉,1f349,98,107,72,watermelon
🍊,1f34a,109,124,63,tangerine
🍋,1f34b,128,147,65,lemon
🍋‍🟩,1f34b_200d_1f7e9,128,128,128,lime
🍌,1f34c,84,118,71,banana
🍍,1f34d,85,112,69,pineapple
🥭,1f96d,121,142,64,mango
🍎,1f34e,118,101,70,red apple
🍏,1f34f,98,135,66,green apple
🍐,1f350,90,128,69,pear
🍑,1f351,126,125,104,peach
🍒,1f352,87,109,73,cherries
🍓,1f353,98,104,70,strawberry
🫐,1fad0,61,104,92,blueberries
🥝,1f95d,80,127,64,kiwi fruit
🍅,1f345,122,102,69,tomato
🫒,1fad2,89,127,69,olive
🥥,1f965,104,121,87,coconut
🥑,1f951,89,124,70,avocado
🍆,1f346,92,116,98,eggplant
🥔,1f954,101,113,68,potato
🥕,1f955,86,114,72,carrot
🌽,1f33d,92,127,68,ear of corn
🌶️,1f336,82,107,72,hot pepper
🫑,1fad1,91,97,67,bell pepper
🥒,1f952,83,122,69,cucumber
🥬,1f96c,72,118,71,leafy green
🥦,1f966,77,123,68,broccoli
🧄,1f9c4,105,136,109,garlic
🧅,1f9c5,114,121,69,onion
🥜,1f95c,84,108,70,peanuts
🫘,1fad8,82,96,70,beans
🌰,1f330,94,112,67,chestnut
🫚,1fada,87,110,70,ginger root
🫛,1fadb,82,121,71,pea pod
🍄‍🟫,1f344_200d_1f7eb,128,128,128,brown mushroom
🫜,1fadc,128,128,128,root vegetable
🍞,1f35e,141,149,59,bread
🥐,1f950,91,117,73,croissant
🥖,1f956,106,122,72,baguette bread
🫓,1fad3,120,141,64,flatbread
🥨,1f968,142,143,95,pretzel
🥯,1f96f,103,118,79,bagel
🥞,1f95e,99,127,73,pancakes
🧇,1f9c7,83,106,67,waffle
🧀,1f9c0,147,160,60,cheese wedge
🍖,1f356,106,124,76,meat on bone
🍗,1f357,89,118,76,poultry leg
🥩,1f969,116,114,86,cut of meat
🥓,1f953,93,108,76,bacon
🍔,1f354,104,115,67,hamburger
🍟,1f35f,119,120,69,french fries
🍕,1f355,96,123,70,pizza
🌭,1f32d,98,111,71,hot dog
🥪,1f96a,127,135,66,sandwich
🌮,1f32e,111,135,66,taco
🌯,1f32f,106,132,68,burrito
🫔,1fad4,85,119,71,tamale
🥙,1f959,90,114,69,stuffed flatbread
🧆,1f9c6,127,145,120,falafel
🥚,1f95a,129,155,132,egg
🍳,1f373,110,137,110,cooking
🥘,1f958,105,108,64,shallow pan of food
🍲,1f372,114,144,118,pot of food
🫕,1fad5,93,108,72,fondue
🥣,1f963,117,144,120,bowl with spoon
🥗,1f957,131,153,112,green salad
🍿,1f37f,110,118,71,popcorn
🧈,1f9c8,99,131,74,butter
🧂,1f9c2,101,134,105,salt
🥫,1f96b,117,141,116,canned food
🍱,1f371,127,148,127,bento box
🍘,1f358,133,122,66,rice cracker
🍙,1f359,149,167,152,rice ball
🍚,1f35a,152,173,154,cooked rice
🍛,1f35b,132,149,121,curry rice
🍜,1f35c,107,97,64,steaming bowl
🍝,1f35d,113,141,102,spaghetti
🍠,1f360,103,120,71,roasted sweet potato
🍢,1f362,85,115,77,oden
🍣,1f363,118,129,101,sushi
🍤,1f364,144,128,70,fried shrimp
🍥,1f365,131,147,127,fish cake with swirl
🥮,1f96e,125,135,61,moon cake
🍡,1f361,92,120,81,dango
🥟,1f95f,116,141,66,dumpling
🥠,1f960,107,135,71,fortune cookie
🥡,1f961,99,132,102,takeout box
🍦,1f366,112,138,86,soft ice cream
🍧,1f367,103,126,86,shaved ice
🍨,1f368,106,135,84,ice cream
🍩,1f369,138,142,57,doughnut
🍪,1f36a,110,113,66,cookie
🎂,1f382,153,168,90,birthday cake
🍰,1f370,145,161,90,shortcake
🧁,1f9c1,108,126,107,cupcake
🥧,1f967,135,155,84,pie
🍫,1f36b,127,105,71,chocolate bar
🍬,1f36c,86,126,70,candy
🍭,1f36d,100,114,83,lollipop
🍮,1f36e,99,125,72,custard
🍯,1f36f,137,138,69,honey pot
🍼,1f37c,84,125,96,baby bottle
🥛,1f95b,117,147,121,glass of milk
☕️,2615,94,128,98,hot beverage
🫖,1fad6,96,128,99,teapot
🍵,1f375,127,155,127,teacup without handle
🍶,1f376,136,161,139,sake
🍾,1f37e,88,122,79,bottle with popping cork
🍷,1f377,99,105,73,wine glass
🍸️,1f378,76,117,73,cocktail glass
🍹,1f379,103,130,68,tropical drink
🍺,1f37a,113,137,79,beer mug
🍻,1f37b,112,135,77,clinking beer mugs
🥂,1f942,107,131,67,clinking glasses
🥃,1f943,106,124,81,tumbler glass
🫗,1fad7,82,119,89,pouring liquid
🥤,1f964,107,127,99,cup with straw
🧋,1f9cb,89,115,77,bubble tea
🧃,1f9c3,119,130,71,beverage box
🧉,1f9c9,122,125,73,mate
🧊,1f9ca,89,133,115,ice
🥢,1f962,72,110,75,chopsticks
🍽️,1f37d,102,130,105,fork and knife with plate
🍴,1f374,74,113,79,fork and knife
🥄,1f944,74,113,79,spoon
🔪,1f52a,76,114,81,kitchen knife
🫙,1fad9,116,144,119,jar
🏺,1f3fa,97,113,69,amphora
🌍️,1f30d,105,147,107,globe showing Europe-Africa
🌎️,1f30e,103,150,130,globe showing Americas
🌏️,1f30f,103,148,122,globe showing Asia-Australia
🌐,1f310,98,147,139,globe with meridians
🗺️,1f5fa,99,143,118,world map
🗾,1f5fe,103,151,144,map of Japan
🧭,1f9ed,124,139,64,compass
🏔️,1f3d4,88,120,92,snow-capped mountain
⛰️,26f0,83,116,87,mountain
🛘,1f6d8,128,128,128,landslide
🌋,1f30b,87,116,89,volcano
🗻,1f5fb,87,120,91,mount fuji
🏕️,1f3d5,91,126,70,camping
🏖️,1f3d6,86,118,78,beach with umbrella
🏜️,1f3dc,110,127,62,desert
🏝️,1f3dd,82,117,74,desert island
🏞️,1f3de,80,116,80,national park
🏟️,1f3df,98,130,102,stadium
🏛️,1f3db,96,126,100,classical building
🏗️,1f3d7,83,119,74,building construction
🧱,1f9f1,100,98,68,brick
🪨,1faa8,86,117,89,rock
🪵,1fab5,90,112,68,wood
🛖,1f6d6,89,104,65,hut
🏘️,1f3d8,91,119,86,houses
🏚️,1f3da,91,121,90,derelict house
🏠️,1f3e0,98,124,92,house
🏡,1f3e1,97,127,81,house with garden
🏢,1f3e2,108,138,116,office building
🏣,1f3e3,110,132,110,Japanese post office
🏤,1f3e4,113,141,118,post office
🏥,1f3e5,113,141,118,hospital
🏦,1f3e6,94,125,97,bank
🏨,1f3e8,111,139,110,hotel
🏩,1f3e9,105,121,99,love hotel
🏪,1f3ea,86,118,84,convenience store
🏫,1f3eb,100,123,95,school
🏬,1f3ec,94,138,119,department store
🏭️,1f3ed,88,110,78,factory
🏯,1f3ef,86,119,90,Japanese castle
🏰,1f3f0,98,127,98,castle
💒,1f492,106,135,106,wedding
🗼,1f5fc,80,110,73,Tokyo tower
🗽,1f5fd,74,117,90,Statue of Liberty
⛪️,26ea,102,133,104,church
🕌,1f54c,93,121,87,mosque
🛕,1f6d5,93,115,72,hindu temple
🕍,1f54d,108,123,74,synagogue
⛩️,26e9,78,109,74,shinto shrine
🕋,1f54b,71,101,71,kaaba
⛲️,26f2,126,152,138,fountain
⛺️,26fa,89,121,72,tent
🌁,1f301,176,173,164,foggy
🌃,1f303,128,122,136,night with stars
🏙️,1f3d9,94,123,98,cityscape
🌄,1f304,180,150,96,sunrise over mountains
🌅,1f305,160,160,119,sunrise
🌆,1f306,172,127,78,cityscape at dusk
🌇,1f307,183,152,87,sunset
🌉,1f309,58,100,105,bridge at night
♨️,2668,86,106,73,hot springs
🎠,1f3a0,104,131,101,carousel horse
🛝,1f6dd,95,111,82,playground slide
🎡,1f3a1,83,115,85,ferris wheel
🎢,1f3a2,86,106,71,roller coaster
💈,1f488,83,117,87,barber pole
🎪,1f3aa,93,118,87,circus tent
🚂,1f682,78,97,69,locomotive
🚃,1f683,104,119,94,railway car
🚄,1f684,92,120,93,high-speed train
🚅,1f685,92,120,92,bullet train
🚆,1f686,86,120,89,train
🚇️,1f687,92,110,89,metro
🚈,1f688,107,134,111,light rail
🚉,1f689,137,148,135,station
🚊,1f68a,85,120,94,tram
🚝,1f69d,90,120,95,monorail
🚞,1f69e,122,150,124,mountain railway
🚋,1f68b,87,116,87,tram car
🚌,1f68c,81,106,74,bus
🚍️,1f68d,101,130,84,oncoming bus
🚎,1f68e,85,126,101,trolleybus
🚐,1f690,88,119,91,minibus
🚑️,1f691,104,132,105,ambulance
🚒,1f692,91,110,79,fire engine
🚓,1f693,85,119,90,police car
🚔️,1f694,82,118,89,oncoming police car
🚕,1f695,92,123,71,taxi
🚖,1f696,85,117,78,oncoming taxi
🚗,1f697,93,110,79,automobile
🚘️,1f698,83,110,79,oncoming automobile
🚙,1f699,77,116,91,sport utility vehicle
🛻,1f6fb,90,105,74,pickup truck
🚚,1f69a,94,127,98,delivery truck
🚛,1f69b,75,105,79,articulated lorry
🚜,1f69c,79,112,74,tractor
🏎️,1f3ce,85,105,72,racing car
🏍️,1f3cd,90,108,77,motorcycle
🛵,1f6f5,83,110,77,motor scooter
🦽,1f9bd,93,125,95,manual wheelchair
🦼,1f9bc,83,112,78,motorized wheelchair
🛺,1f6fa,102,132,104,auto rickshaw
🚲️,1f6b2,98,123,92,bicycle
🛴,1f6f4,74,112,77,kick scooter
🛹,1f6f9,71,112,78,skateboard
🛼,1f6fc,79,118,93,roller skate
🚏,1f68f,92,127,87,bus stop
🛣️,1f6e3,91,127,87,motorway
🛤️,1f6e4,91,118,67,railway track
🛢️,1f6e2,82,116,86,oil drum
⛽️,26fd,107,130,103,fuel pump
🛞,1f6de,104,127,107,wheel
🚨,1f6a8,100,111,80,police car light
🚥,1f6a5,91,123,90,horizontal traffic light
🚦,1f6a6,91,122,90,vertical traffic light
🛑,1f6d1,129,103,79,stop sign
🚧,1f6a7,90,117,72,construction
⚓️,2693,77,114,81,anchor
🛟,1f6df,110,115,89,ring buoy
⛵️,26f5,94,134,115,sailboat
🛶,1f6f6,72,115,90,canoe
🚤,1f6a4,102,143,128,speedboat
🛳️,1f6f3,91,127,111,passenger ship
⛴️,26f4,78,114,91,ferry
🛥️,1f6e5,94,138,122,motor boat
🚢,1f6a2,93,131,119,ship
✈️,2708,88,120,92,airplane
🛩️,1f6e9,87,112,73,small airplane
🛫,1f6eb,77,114,81,airplane departure
🛬,1f6ec,77,114,81,airplane arrival
🪂,1fa82,96,130,86,parachute
💺,1f4ba,75,116,86,seat
🚁,1f681,82,111,79,helicopter
🚟,1f69f,90,126,84,suspension railway
🚠,1f6a0,78,113,72,mountain cableway
🚡,1f6a1,75,115,77,aerial tramway
🛰️,1f6f0,84,112,87,satellite
🚀,1f680,93,113,79,rocket
🛸,1f6f8,81,120,92,flying saucer
🛎️,1f6ce,88,117,70,bellhop bell
🧳,1f9f3,97,113,70,luggage
⌛️,231b,105,133,103,hourglass done
⏳️,23f3,101,129,99,hourglass not done
⌚️,231a,98,129,102,watch
⏰️,23f0,128,155,132,alarm clock
⏱️,23f1,125,152,128,stopwatch
⏲️,23f2,105,132,108,timer clock
🕰️,1f570,103,127,100,mantelpiece clock
🕛️,1f55b,126,154,129,twelve o’clock
🕧️,1f567,125,153,129,twelve-thirty
🕐️,1f550,125,153,129,one o’clock
🕜️,1f55c,125,153,129,one-thirty
🕑️,1f551,125,153,128,two o’clock
🕝️,1f55d,125,153,128,two-thirty
🕒️,1f552,125,153,129,three o’clock
🕞️,1f55e,125,153,129,three-thirty
🕓️,1f553,125,153,128,four o’clock
🕟️,1f55f,125,153,128,four-thirty
🕔️,1f554,125,153,128,five o’clock
🕠️,1f560,125,153,129,five-thirty
🕕️,1f555,125,154,129,six o’clock
🕡️,1f561,126,154,129,six-thirty
🕖️,1f556,125,153,128,seven o’clock
🕢️,1f562,125,153,129,seven-thirty
🕗️,1f557,125,153,128,eight o’clock
🕣️,1f563,125,153,128,eight-thirty
🕘️,1f558,125,153,129,nine o’clock
🕤️,1f564,125,153,129,nine-thirty
🕙️,1f559,125,153,129,ten o’clock
🕥️,1f565,125,153,129,ten-thirty
🕚️,1f55a,125,153,129,eleven o’clock
🕦️,1f566,125,153,129,eleven-thirty
🌑,1f311,65,85,67,new moon
🌒,1f312,77,97,66,waxing crescent moon
🌓,1f313,108,125,63,first quarter moon
🌔,1f314,135,149,59,waxing gibbous moon
🌕️,1f315,155,167,58,full moon
🌖,1f316,135,149,59,waning gibbous moon
🌗,1f317,108,125,63,last quarter moon
🌘,1f318,77,97,66,waning crescent moon
🌙,1f319,99,129,69,crescent moon
🌚,1f31a,62,84,65,new moon face
🌛,1f31b,120,143,65,first quarter moon face
🌜️,1f31c,120,143,65,last quarter moon face
🌡️,1f321,88,111,78,thermometer
☀️,2600,126,147,63,sun
🌝,1f31d,147,158,60,full moon face
🌞,1f31e,158,169,57,sun with face
🪐,1fa90,114,104,69,ringed planet
⭐️,2b50,106,135,68,star
🌟,1f31f,110,137,67,glowing star
🌠,1f320,74,114,75,shooting star
🌌,1f30c,61,101,107,milky way
☁️,2601,114,141,116,cloud
⛅️,26c5,126,152,113,sun behind cloud
⛈️,26c8,112,139,113,cloud with lightning and rain
🌤️,1f324,130,152,92,sun behind small cloud
🌥️,1f325,129,154,120,sun behind large cloud
🌦️,1f326,117,142,103,sun behind rain cloud
🌧️,1f327,101,132,105,cloud with rain
🌨️,1f328,101,132,105,cloud with snow
🌩️,1f329,102,133,103,cloud with lightning
🌪️,1f32a,92,123,95,tornado
🌫️,1f32b,175,185,176,fog
🌬️,1f32c,115,141,118,wind face
🌀,1f300,71,112,76,cyclone
🌈,1f308,102,120,77,rainbow
🌂,1f302,76,112,83,closed umbrella
☂️,2602,90,113,99,umbrella
☔️,2614,85,115,98,umbrella with rain drops
⛱️,26f1,101,120,82,umbrella on ground
⚡️,26a1,87,122,72,high voltage
❄️,2744,71,112,76,snowflake
☃️,2603,95,127,99,snowman
⛄️,26c4,94,126,98,snowman without snow
☄️,2604,75,110,75,comet
🔥,1f525,117,138,65,fire
💧,1f4a7,91,140,129,droplet
🌊,1f30a,98,150,149,water wave
🎃,1f383,133,128,66,jack-o-lantern
🎄,1f384,85,122,68,Christmas tree
🎆,1f386,82,111,76,fireworks
🎇,1f387,84,113,70,sparkler
🧨,1f9e8,84,107,71,firecracker
✨️,2728,80,116,72,sparkles
🎈,1f388,121,99,70,balloon
🎉,1f389,95,119,71,party popper
🎊,1f38a,90,120,71,confetti ball
🎋,1f38b,94,123,66,tanabata tree
🎍,1f38d,82,118,72,pine decoration
🎎,1f38e,88,113,84,Japanese dolls
🎏,1f38f,79,110,81,carp streamer
🎐,1f390,84,127,104,wind chime
🎑,1f391,78,109,95,moon viewing ceremony
🧧,1f9e7,129,88,59,red envelope
🎀,1f380,113,100,71,ribbon
🎁,1f381,120,123,63,wrapped gift
🎗️,1f397,102,99,68,reminder ribbon
🎟️,1f39f,114,99,73,admission tickets
🎫,1f3ab,114,140,67,ticket
🎖️,1f396,103,120,71,military medal
🏆️,1f3c6,97,126,69,trophy
🏅,1f3c5,124,142,68,sports medal
🥇,1f947,130,150,68,1st place medal
🥈,1f948,98,123,102,2nd place medal
🥉,1f949,121,112,66,3rd place medal
⚽️,26bd,141,164,144,soccer ball
⚾️,26be,150,170,152,baseball
🥎,1f94e,147,151,58,softball
🏀,1f3c0,148,131,66,basketball
🏐,1f3d0,121,141,123,volleyball
🏈,1f3c8,101,117,78,american football
🏉,1f3c9,115,122,69,rugby football
🎾,1f3be,163,171,66,tennis
🥏,1f94f,78,122,98,flying disc
🎳,1f3b3,126,141,125,bowling
🏏,1f3cf,81,108,72,cricket game
🏑,1f3d1,76,109,73,field hockey
🏒,1f3d2,76,109,73,ice hockey
🥍,1f94d,77,114,81,lacrosse
🏓,1f3d3,121,104,74,ping pong
🏸,1f3f8,79,114,83,badminton
🥊,1f94a,121,105,77,boxing glove
🥋,1f94b,103,129,105,martial arts uniform
🥅,1f945,109,138,112,goal net
⛳️,26f3,82,114,76,flag in hole
⛸️,26f8,89,128,108,ice skate
🎣,1f3a3,75,116,87,fishing pole
🤿,1f93f,90,127,105,diving mask
🎽,1f3bd,98,144,128,running shirt
🎿,1f3bf,83,120,79,skis
🛷,1f6f7,71,112,80,sled
🥌,1f94c,81,112,83,curling stone
🎯,1f3af,135,123,101,bullseye
🪀,1fa80,79,113,82,yo-yo
🪁,1fa81,87,113,84,kite
🔫,1f52b,80,114,80,water pistol
🎱,1f3b1,87,107,90,pool 8 ball
🔮,1f52e,100,119,110,crystal ball
🪄,1fa84,71,111,75,magic wand
🎮️,1f3ae,91,119,94,video game
🕹️,1f579,86,112,81,joystick
🎰,1f3b0,109,135,108,slot machine
🎲,1f3b2,91,122,95,game die
🧩,1f9e9,85,132,117,puzzle piece
🧸,1f9f8,88,103,65,teddy bear
🪅,1fa85,85,117,76,piñata
🪩,1faa9,97,126,105,mirror ball
🪆,1fa86,95,116,93,nesting dolls
♠️,2660,67,96,71,spade suit
♥️,2665,115,104,73,heart suit
♦️,2666,100,106,74,diamond suit
♣️,2663,69,98,73,club suit
♟️,265f,68,104,73,chess pawn
🃏,1f0cf,124,137,107,joker
🀄️,1f004,143,160,138,mahjong red dragon
🎴,1f3b4,104,96,75,flower playing cards
🎭️,1f3ad,84,116,88,performing arts
🖼️,1f5bc,99,132,98,framed picture
🎨,1f3a8,85,111,71,artist palette
🧵,1f9f5,94,105,75,thread
🪡,1faa1,76,115,84,sewing needle
🧶,1f9f6,97,113,68,yarn
🪢,1faa2,75,116,82,knot
👓️,1f453,87,117,90,glasses
🕶️,1f576,67,99,71,sunglasses
🥽,1f97d,96,127,99,goggles
🥼,1f97c,112,140,116,lab coat
🦺,1f9ba,141,116,57,safety vest
👔,1f454,81,133,138,necktie
👕,1f455,76,127,116,t-shirt
👖,1f456,77,130,123,jeans
🧣,1f9e3,100,103,72,scarf
🧤,1f9e4,115,104,73,gloves
🧥,1f9e5,91,111,70,coat
🧦,1f9e6,90,115,72,socks
👗,1f457,76,126,112,dress
👘,1f458,106,117,92,kimono
🥻,1f97b,92,113,95,sari
🩱,1fa71,87,115,96,one-piece swimsuit
🩲,1fa72,79,123,98,briefs
🩳,1fa73,91,123,95,shorts
👙,1f459,78,114,85,bikini
👚,1f45a,88,107,101,woman’s clothes
🪭,1faad,93,103,73,folding hand fan
👛,1f45b,92,111,103,purse
👜,1f45c,80,101,69,handbag
👝,1f45d,94,112,69,clutch bag
🛍️,1f6cd,132,153,64,shopping bags
🎒,1f392,119,97,69,backpack
🩴,1fa74,94,126,69,thong sandal
👞,1f45e,87,110,70,man’s shoe
👟,1f45f,85,118,89,running shoe
🥾,1f97e,86,109,70,hiking boot
🥿,1f97f,90,115,87,flat shoe
👠,1f460,83,103,71,high-heeled shoe
👡,1f461,77,106,71,woman’s sandal
🩰,1fa70,94,118,90,ballet shoes
👢,1f462,91,111,69,woman’s boot
🪮,1faae,77,113,81,hair pick
👑,1f451,126,145,63,crown
👒,1f452,87,115,70,woman’s hat
🎩,1f3a9,91,114,66,top hat
🎓️,1f393,71,103,72,graduation cap
🧢,1f9e2,69,114,72,billed cap
🪖,1fa96,71,110,72,military helmet
⛑️,26d1,92,104,73,rescue worker’s helmet
📿,1f4ff,80,106,71,prayer beads
💄,1f484,98,115,86,lipstick
💍,1f48d,81,118,86,ring
💎,1f48e,78,128,116,gem stone
🔇,1f507,86,119,90,muted speaker
🔈️,1f508,87,121,91,speaker low volume
🔉,1f509,88,121,92,speaker medium volume
🔊,1f50a,88,121,92,speaker high volume
📢,1f4e2,100,128,103,loudspeaker
📣,1f4e3,110,131,103,megaphone
📯,1f4ef,99,125,68,postal horn
🔔,1f514,117,142,66,bell
🔕,1f515,114,139,65,bell with slash
🎼,1f3bc,71,112,76,musical score
🎵,1f3b5,70,108,74,musical note
🎶,1f3b6,70,109,75,musical notes
🎙️,1f399,78,112,82,studio microphone
🎚️,1f39a,115,138,117,level slider
🎛️,1f39b,119,142,121,control knobs
🎤,1f3a4,73,109,77,microphone
🎧️,1f3a7,83,118,87,headphone
📻️,1f4fb,92,122,95,radio
🎷,1f3b7,82,118,72,saxophone
🎺,1f3ba,83,119,72,trumpet
🪊,1fa8a,128,128,128,trombone
🪗,1fa97,99,125,99,accordion
🎸,1f3b8,79,110,76,guitar
🎹,1f3b9,112,136,115,musical keyboard
🎻,1f3bb,74,106,72,violin
🪕,1fa95,82,117,84,banjo
🥁,1f941,102,104,72,drum
🪘,1fa98,94,106,67,long drum
🪇,1fa87,96,115,70,maracas
🪈,1fa88,78,110,72,flute
🪉,1fa89,128,128,128,harp
📱,1f4f1,109,134,111,mobile phone
📲,1f4f2,92,123,95,mobile phone with arrow
☎️,260e,115,102,73,telephone
📞,1f4de,79,116,83,telephone receiver
📟️,1f4df,92,126,90,pager
📠,1f4e0,100,129,102,fax machine
🔋,1f50b,98,130,87,battery
🪫,1faab,105,129,103,low battery
🔌,1f50c,93,124,97,electric plug
💻️,1f4bb,124,138,125,laptop
🖥️,1f5a5,142,158,143,desktop computer
🖨️,1f5a8,124,137,125,printer
⌨️,2328,112,136,114,keyboard
🖱️,1f5b1,96,127,100,computer mouse
🖲️,1f5b2,97,124,93,trackball
💽,1f4bd,98,120,100,computer disk
💾,1f4be,98,122,103,floppy disk
💿️,1f4bf,146,165,147,optical disk
📀,1f4c0,160,174,98,dvd
🧮,1f9ee,98,128,96,abacus
🎥,1f3a5,72,104,76,movie camera
🎞️,1f39e,117,145,120,film frames
📽️,1f4fd,88,120,92,film projector
🎬️,1f3ac,72,104,76,clapper board
📺️,1f4fa,91,114,94,television
📷️,1f4f7,92,121,93,camera
📸,1f4f8,91,120,91,camera with flash
📹️,1f4f9,92,122,95,video camera
📼,1f4fc,115,138,109,videocassette
🔍️,1f50d,83,119,89,magnifying glass tilted left
🔎,1f50e,83,119,89,magnifying glass tilted right
🕯️,1f56f,84,121,85,candle
💡,1f4a1,104,133,73,light bulb
🔦,1f526,83,119,85,flashlight
🏮,1f3ee,115,110,82,red paper lantern
🪔,1fa94,82,110,71,diya lamp
📔,1f4d4,145,161,78,notebook with decorative cover
📕,1f4d5,133,91,67,closed book
📖,1f4d6,136,159,138,open book
📗,1f4d7,112,148,64,green book
📘,1f4d8,100,151,146,blue book
📙,1f4d9,143,133,68,orange book
📚️,1f4da,100,132,107,books
📓,1f4d3,106,129,108,notebook
📒,1f4d2,148,144,54,ledger
📃,1f4c3,93,122,96,page with curl
📜,1f4dc,124,122,67,scroll
📄,1f4c4,114,141,117,page facing up
📰,1f4f0,119,142,121,newspaper
🗞️,1f5de,81,115,85,rolled-up newspaper
📑,1f4d1,138,158,140,bookmark tabs
🔖,1f516,90,107,73,bookmark
🏷️,1f3f7,138,132,70,label
🪙,1fa99,137,153,64,coin
💰️,1f4b0,92,108,67,money bag
🪎,1fa8e,128,128,128,treasure chest
💴,1f4b4,101,123,96,yen banknote
💵,1f4b5,92,126,92,dollar banknote
💶,1f4b6,101,132,91,euro banknote
💷,1f4b7,101,126,107,pound banknote
💸,1f4b8,86,122,89,money with wings
💳️,1f4b3,86,130,110,credit card
🧾,1f9fe,92,125,95,receipt
💹,1f4b9,73,113,74,chart increasing with yen
✉️,2709,100,129,103,envelope
📧,1f4e7,102,129,103,e-mail
📨,1f4e8,85,119,89,incoming envelope
📩,1f4e9,100,127,101,envelope with arrow
📤️,1f4e4,89,125,95,outbox tray
📥️,1f4e5,90,123,92,inbox tray
📦️,1f4e6,128,129,77,package
📫️,1f4eb,82,125,105,closed mailbox with raised flag
📪️,1f4ea,82,124,103,closed mailbox with lowered flag
📬️,1f4ec,78,115,91,open mailbox with raised flag
📭️,1f4ed,75,112,89,open mailbox with lowered flag
📮,1f4ee,107,109,81,postbox
🗳️,1f5f3,119,143,122,ballot box with ballot
✏️,270f,86,113,74,pencil
✒️,2712,79,113,82,black nib
🖋️,1f58b,76,112,80,fountain pen
🖊️,1f58a,86,120,90,pen
🖌️,1f58c,79,119,90,paintbrush
🖍️,1f58d,84,105,72,crayon
📝,1f4dd,122,145,120,memo
💼,1f4bc,100,113,68,briefcase
📁,1f4c1,118,142,120,file folder
📂,1f4c2,119,142,121,open file folder
🗂️,1f5c2,126,147,66,card index dividers
📅,1f4c5,132,139,116,calendar
📆,1f4c6,129,139,115,tear-off calendar
🗒️,1f5d2,127,152,130,spiral notepad
🗓️,1f5d3,132,139,116,spiral calendar
📇,1f4c7,113,140,115,card index
📈,1f4c8,130,152,130,chart increasing
📉,1f4c9,130,155,135,chart decreasing
📊,1f4ca,129,147,121,bar chart
📋️,1f4cb,115,137,110,clipboard
📌,1f4cc,80,109,75,pushpin
📍,1f4cd,83,109,76,round pushpin
📎,1f4ce,71,112,76,paperclip
🖇️,1f587,71,112,76,linked paperclips
📏,1f4cf,82,118,86,straight ruler
📐,1f4d0,81,117,85,triangular ruler
✂️,2702,84,110,78,scissors
🗃️,1f5c3,105,130,106,card file box
🗄️,1f5c4,84,114,87,file cabinet
🗑️,1f5d1,103,133,106,wastebasket
🔒️,1f512,106,132,70,locked
🔓️,1f513,105,131,70,unlocked
🔏,1f50f,87,119,75,locked with pen
🔐,1f510,112,129,68,locked with key
🔑,1f511,88,115,72,key
🗝️,1f5dd,69,106,73,old key
🔨,1f528,74,112,76,hammer
🪓,1fa93,74,112,77,axe
⛏️,26cf,74,112,77,pick
⚒️,2692,76,112,78,hammer and pick
🛠️,1f6e0,78,112,80,hammer and wrench
🗡️,1f5e1,74,111,78,dagger
⚔️,2694,74,112,79,crossed swords
💣️,1f4a3,86,112,89,bomb
🪃,1fa83,79,109,71,boomerang
🏹,1f3f9,77,109,73,bow and arrow
🛡️,1f6e1,101,106,77,shield
🪚,1fa9a,80,112,80,carpentry saw
🔧,1f527,84,121,89,wrench
🪛,1fa9b,78,112,75,screwdriver
🔩,1f529,84,119,88,nut and bolt
⚙️,2699,92,124,96,gear
🗜️,1f5dc,79,117,83,clamp
⚖️,2696,74,113,79,balance scale
🦯,1f9af,76,113,79,white cane
🔗,1f517,79,115,83,link
⛓️‍💥,26d3_fe0f_200d_1f4a5,128,128,128,broken chain
⛓️,26d3,78,115,83,chains
🪝,1fa9d,73,109,78,hook
🧰,1f9f0,127,92,67,toolbox
🧲,1f9f2,80,111,74,magnet
🪜,1fa9c,78,111,75,ladder
🪏,1fa8f,128,128,128,shovel
⚗️,2697,94,131,102,alembic
🧪,1f9ea,81,120,80,test tube
🧫,1f9eb,88,128,107,petri dish
🧬,1f9ec,86,113,85,dna
🔬,1f52c,77,114,82,microscope
🔭,1f52d,72,111,77,telescope
📡,1f4e1,78,115,82,satellite antenna
💉,1f489,77,113,79,syringe
🩸,1fa78,122,100,71,drop of blood
💊,1f48a,95,117,95,pill
🩹,1fa79,98,114,90,adhesive bandage
🩼,1fa7c,71,112,78,crutch
🩺,1fa7a,72,112,77,stethoscope
🩻,1fa7b,101,146,145,x-ray
🚪,1f6aa,92,107,67,door
🛗,1f6d7,86,117,89,elevator
🪞,1fa9e,96,133,94,mirror
🪟,1fa9f,124,149,125,window
🛏️,1f6cf,86,122,92,bed
🛋️,1f6cb,84,129,108,couch and lamp
🪑,1fa91,84,118,71,chair
🚽,1f6bd,90,123,94,toilet
🪠,1faa0,77,106,72,plunger
🚿,1f6bf,82,117,87,shower
🛁,1f6c1,94,127,98,bathtub
🪤,1faa4,84,110,70,mouse trap
🪒,1fa92,78,118,88,razor
🧴,1f9f4,80,115,86,lotion bottle
🧷,1f9f7,72,112,77,safety pin
🧹,1f9f9,78,113,73,broom
🧺,1f9fa,83,109,70,basket
🧻,1f9fb,148,169,151,roll of paper
🪣,1faa3,78,121,98,bucket
🧼,1f9fc,97,118,94,soap
🫧,1fae7,82,126,105,bubbles
🪥,1faa5,73,112,79,toothbrush
🧽,1f9fd,97,122,72,sponge
🧯,1f9ef,92,107,75,fire extinguisher
🛒,1f6d2,90,123,94,shopping cart
🚬,1f6ac,85,120,85,cigarette
⚰️,26b0,94,108,67,coffin
🪦,1faa6,88,117,90,headstone
⚱️,26b1,119,122,69,funeral urn
🧿,1f9ff,79,119,124,nazar amulet
🪬,1faac,107,135,69,hamsa
🗿,1f5ff,89,118,92,moai
🪧,1faa7,98,129,99,placard
🪪,1faaa,128,150,124,identification card
🏧,1f3e7,83,111,84,ATM sign
🚮,1f6ae,88,138,136,litter in bin sign
🚰,1f6b0,89,141,140,potable water
♿️,267f,84,139,140,wheelchair symbol
🚹️,1f6b9,85,139,139,men’s room
🚺️,1f6ba,85,139,139,women’s room
🚻,1f6bb,87,134,128,restroom
🚼️,1f6bc,85,141,142,baby symbol
🚾,1f6be,89,146,150,water closet
🛂,1f6c2,88,123,85,passport control
🛃,1f6c3,86,120,78,customs
🛄,1f6c4,85,133,119,baggage claim
🛅,1f6c5,159,179,169,left luggage
⚠️,26a0,114,140,67,warning
🚸,1f6b8,115,140,66,children crossing
⛔️,26d4,125,107,79,no entry
🚫,1f6ab,151,149,130,prohibited
🚳,1f6b3,144,142,122,no bicycles
🚭️,1f6ad,146,143,122,no smoking
🚯,1f6af,142,139,115,no littering
🚱,1f6b1,137,136,116,non-potable water
🚷,1f6b7,144,142,118,no pedestrians
📵,1f4f5,146,144,124,no mobile phones
🔞,1f51e,142,141,121,no one under eighteen
☢️,2622,114,124,71,radioactive
☣️,2623,115,124,70,biohazard
⬆️,2b06,69,107,74,up arrow
↗️,2197,69,106,74,up-right arrow
➡️,27a1,69,107,74,right arrow
↘️,2198,69,107,74,down-right arrow
⬇️,2b07,69,107,74,down arrow
↙️,2199,69,107,74,down-left arrow
⬅️,2b05,69,107,74,left arrow
↖️,2196,69,106,74,up-left arrow
↕️,2195,69,105,73,up-down arrow
↔️,2194,69,105,73,left-right arrow
↩️,21a9,69,106,74,right arrow curving left
↪️,21aa,69,106,74,left arrow curving right
⤴️,2934,69,107,74,right arrow curving up
⤵️,2935,69,107,74,right arrow curving down
🔃,1f503,73,115,84,clockwise vertical arrows
🔄,1f504,68,104,72,counterclockwise arrows button
🔙,1f519,70,109,75,BACK arrow
🔚,1f51a,69,108,74,END arrow
🔛,1f51b,69,108,74,ON! arrow
🔜,1f51c,69,108,74,SOON arrow
🔝,1f51d,70,109,75,TOP arrow
🛐,1f6d0,83,119,72,place of worship
⚛️,269b,86,131,117,atom symbol
🕉️,1f549,111,125,122,om
✡️,2721,109,123,120,star of David
☸️,2638,106,122,116,wheel of dharma
☯️,262f,98,124,101,yin yang
✝️,271d,81,114,87,latin cross
☦️,2626,114,127,125,orthodox cross
☪️,262a,83,115,90,star and crescent
☮️,262e,110,130,82,peace symbol
🕎,1f54e,109,123,120,menorah
🔯,1f52f,108,123,119,dotted six-pointed star
🪯,1faaf,103,119,113,khanda
♈️,2648,114,127,125,Aries
♉️,2649,113,126,124,Taurus
♊️,264a,112,126,124,Gemini
♋️,264b,111,125,122,Cancer
♌️,264c,112,125,123,Leo
♍️,264d,111,125,122,Virgo
♎️,264e,113,127,124,Libra
♏️,264f,112,126,123,Scorpio
♐️,2650,114,127,125,Sagittarius
♑️,2651,113,126,124,Capricorn
♒️,2652,111,125,122,Aquarius
♓️,2653,113,126,124,Pisces
⛎️,26ce,112,126,123,Ophiuchus
🔀,1f500,71,112,76,shuffle tracks button
🔁,1f501,71,112,76,repeat button
🔂,1f502,71,112,76,repeat single button
▶️,25b6,100,134,104,play button
⏩️,23e9,71,112,76,fast-forward button
⏭️,23ed,71,112,76,next track button
⏯️,23ef,95,130,99,play or pause button
◀️,25c0,99,133,104,reverse button
⏪️,23ea,71,112,76,fast reverse button
⏮️,23ee,71,112,76,last track button
🔼,1f53c,71,112,76,upwards button
⏫️,23eb,71,112,76,fast up button
🔽,1f53d,71,112,76,downwards button
⏬️,23ec,71,112,76,fast down button
⏸️,23f8,71,112,76,pause button
⏹️,23f9,118,149,122,stop button
⏺️,23fa,110,136,109,record button
⏏️,23cf,98,132,102,eject button
🎦,1f3a6,113,154,144,cinema
🔅,1f505,72,113,75,dim button
🔆,1f506,93,127,71,bright button
📶,1f4f6,81,118,86,antenna bars
🛜,1f6dc,80,137,137,wireless
📳,1f4f3,95,125,98,vibration mode
📴,1f4f4,92,122,96,mobile phone off
♀️,2640,84,119,89,female sign
♂️,2642,85,119,89,male sign
⚧️,26a7,79,115,84,transgender symbol
✖️,2716,83,119,87,multiply
➕️,2795,89,124,93,plus
➖️,2796,80,118,85,minus
➗️,2797,83,120,87,divide
🟰,1f7f0,90,124,94,heavy equals sign
♾️,267e,75,110,79,infinity
‼️,203c,77,108,73,double exclamation mark
⁉️,2049,80,106,72,exclamation question mark
❓️,2753,76,108,73,red question mark
❔️,2754,77,116,82,white question mark
❕️,2755,74,114,79,white exclamation mark
❗️,2757,73,109,74,red exclamation mark
〰️,3030,69,109,74,wavy dash
💱,1f4b1,81,113,81,currency exchange
💲,1f4b2,79,114,83,heavy dollar sign
⚕️,2695,75,115,70,medical symbol
♻️,267b,83,121,75,recycling symbol
⚜️,269c,101,128,67,fleur-de-lis
🔱,1f531,88,123,71,trident emblem
📛,1f4db,142,117,92,name badge
🔰,1f530,99,135,67,Japanese symbol for beginner
⭕️,2b55,108,104,73,hollow red circle
✅️,2705,90,127,77,check mark button
☑️,2611,81,117,85,check box with check
✔️,2714,82,121,72,check mark
❌️,274c,98,106,74,cross mark
❎️,274e,112,143,82,cross mark button
➰️,27b0,69,106,73,curly loop
➿️,27bf,68,105,73,double curly loop
〽️,303d,88,123,71,part alternation mark
✳️,2733,96,143,82,eight-spoked asterisk
✴️,2734,156,151,95,eight-pointed star
❇️,2747,96,143,82,sparkle
©️,00a9,129,155,132,copyright
®️,00ae,127,153,130,registered
™️,2122,71,112,76,trade mark
🫟,1fadf,128,128,128,splatter
#️⃣,0023_fe0f_20e3,126,148,128,keycap: #
*️⃣,002a_fe0f_20e3,126,148,128,keycap: *
0️⃣,0030_fe0f_20e3,127,149,129,keycap: 0
1️⃣,0031_fe0f_20e3,128,150,130,keycap: 1
2️⃣,0032_fe0f_20e3,127,149,129,keycap: 2
3️⃣,0033_fe0f_20e3,127,149,129,keycap: 3
4️⃣,0034_fe0f_20e3,127,149,129,keycap: 4
5️⃣,0035_fe0f_20e3,128,150,130,keycap: 5
6️⃣,0036_fe0f_20e3,127,149,129,keycap: 6
7️⃣,0037_fe0f_20e3,128,150,130,keycap: 7
8️⃣,0038_fe0f_20e3,127,150,129,keycap: 8
9️⃣,0039_fe0f_20e3,127,149,129,keycap: 9
🔟,1f51f,125,148,127,keycap: 10
🔠,1f520,124,147,126,input latin uppercase
🔡,1f521,126,149,128,input latin lowercase
🔢,1f522,126,149,128,input numbers
🔣,1f523,124,147,126,input symbols
🔤,1f524,127,150,129,input latin letters
🅰️,1f170,142,100,79,A button (blood type)
🆎,1f18e,143,103,82,AB button (blood type)
🅱️,1f171,142,102,80,B button (blood type)
🆑,1f191,142,100,78,CL button
🆒,1f192,126,149,128,COOL button
🆓,1f193,101,151,145,FREE button
ℹ️,2139,130,152,132,information
🆔,1f194,128,151,130,ID button
Ⓜ️,24c2,73,113,128,circled M
🆕,1f195,127,150,129,NEW button
🆖,1f196,100,150,143,NG button
🅾️,1f17e,142,100,79,O button (blood type)
🆗,1f197,126,149,128,OK button
🅿️,1f17f,128,151,130,P button
🆘,1f198,125,84,60,SOS button
🆙,1f199,101,152,146,UP! button
🆚,1f19a,128,151,130,VS button
🈁,1f201,125,147,127,Japanese “here” button
🈂️,1f202,126,149,128,Japanese “service charge” button
🈷️,1f237,125,148,127,Japanese “monthly amount” button
🈶,1f236,124,146,126,Japanese “not free of charge” button
🈯️,1f22f,123,145,125,Japanese “reserved” button
🉐,1f250,123,145,125,Japanese “bargain” button
🈹,1f239,121,143,123,Japanese “discount” button
🈚️,1f21a,122,144,124,Japanese “free of charge” button
🈲,1f232,121,145,123,Japanese “prohibited” button
🉑,1f251,119,142,121,Japanese “acceptable” button
🈸,1f238,123,147,125,Japanese “application” button
🈴,1f234,141,109,82,Japanese “passing grade” button
🈳,1f233,100,150,142,Japanese “vacancy” button
㊗️,3297,128,149,129,Japanese “congratulations” button
㊙️,3299,127,149,129,Japanese “secret” button
🈺,1f23a,125,149,127,Japanese “open for business” button
🈵,1f235,143,114,87,Japanese “no vacancy” button
🔴,1f534,136,79,57,red circle
🟠,1f7e0,151,143,52,orange circle
🟡,1f7e1,156,169,59,yellow circle
🟢,1f7e2,120,154,63,green circle
🔵,1f535,82,142,147,blue circle
🟣,1f7e3,121,130,134,purple circle
🟤,1f7e4,115,115,66,brown circle
⚫️,26ab,66,87,68,black circle
⚪️,26aa,157,178,160,white circle
🟥,1f7e5,142,102,73,red square
🟧,1f7e7,145,141,54,orange square
🟨,1f7e8,150,165,61,yellow square
🟩,1f7e9,117,152,64,green square
🟦,1f7e6,104,155,150,blue square
🟪,1f7ea,118,130,130,purple square
🟫,1f7eb,112,115,67,brown square
⬛️,2b1b,67,88,69,black large square
⬜️,2b1c,158,179,161,white large square
◼️,25fc,68,97,71,black medium square
◻️,25fb,124,153,127,white medium square
◾️,25fe,69,102,73,black medium-small square
◽️,25fd,102,136,107,white medium-small square
▪️,25aa,71,112,76,black small square
▫️,25ab,91,128,96,white small square
🔶,1f536,109,124,72,large orange diamond
🔷,1f537,86,131,110,large blue diamond
🔸,1f538,91,111,70,small orange diamond
🔹,1f539,79,123,97,small blue diamond
🔺,1f53a,107,106,74,red triangle pointed up
🔻,1f53b,107,105,74,red triangle pointed down
💠,1f4a0,83,126,103,diamond with a dot
🔘,1f518,75,104,78,radio button
🔳,1f533,106,136,109,white square button
🔲,1f532,83,113,87,black square button
🏁,1f3c1,78,116,83,chequered flag
🚩,1f6a9,100,97,67,triangular flag
🎌,1f38c,89,124,92,crossed flags
🏴,1f3f4,69,106,74,black flag
🏳️,1f3f3,90,126,94,white flag
🏳️‍🌈,1f3f3_fe0f_200d_1f308,131,141,92,rainbow flag
🏳️‍⚧️,1f3f3_fe0f_200d_26a7_fe0f,134,152,143,transgender flag
🏴‍☠️,1f3f4_200d_2620_fe0f,85,108,88,pirate flag
🇦🇨,1f1e6_1f1e8,74,106,110,flag: Ascension Island
🇦🇩,1f1e6_1f1e9,108,108,78,flag: Andorra
🇦🇪,1f1e6_1f1ea,117,122,86,flag: United Arab Emirates
🇦🇫,1f1e6_1f1eb,102,118,75,flag: Afghanistan
🇦🇬,1f1e6_1f1ec,111,99,78,flag: Antigua & Barbuda
🇦🇮,1f1e6_1f1ee,85,116,113,flag: Anguilla
🇦🇱,1f1e6_1f1f1,131,83,59,flag: Albania
🇦🇲,1f1e6_1f1f2,111,107,75,flag: Armenia
🇦🇴,1f1e6_1f1f4,113,96,64,flag: Angola
🇦🇶,1f1e6_1f1f6,102,151,148,flag: Antarctica
🇦🇷,1f1e6_1f1f7,106,152,146,flag: Argentina
🇦🇸,1f1e6_1f1f8,100,124,117,flag: American Samoa
🇦🇹,1f1e6_1f1f9,140,113,91,flag: Austria
🇦🇺,1f1e6_1f1fa,76,110,117,flag: Australia
🇦🇼,1f1e6_1f1fc,90,141,133,flag: Aruba
🇦🇽,1f1e6_1f1fd,81,101,95,flag: Åland Islands
🇦🇿,1f1e6_1f1ff,99,121,91,flag: Azerbaijan
🇧🇦,1f1e7_1f1e6,83,113,98,flag: Bosnia & Herzegovina
🇧🇧,1f1e7_1f1e7,80,110,95,flag: Barbados
🇧🇩,1f1e7_1f1e9,86,126,63,flag: Bangladesh
🇧🇪,1f1e7_1f1ea,127,122,63,flag: Belgium
🇧🇫,1f1e7_1f1eb,107,108,61,flag: Burkina Faso
🇧🇬,1f1e7_1f1ec,122,130,93,flag: Bulgaria
🇧🇭,1f1e7_1f1ed,140,113,91,flag: Bahrain
🇧🇮,1f1e7_1f1ee,120,129,90,flag: Burundi
🇧🇯,1f1e7_1f1ef,120,119,59,flag: Benin
🇧🇱,1f1e7_1f1f1,144,164,143,flag: St. Barthélemy
🇧🇲,1f1e7_1f1f2,128,107,86,flag: Bermuda
🇧🇳,1f1e7_1f1f3,139,138,71,flag: Brunei
🇧🇴,1f1e7_1f1f4,119,118,60,flag: Bolivia
🇧🇶,1f1e7_1f1f6,100,130,123,flag: Caribbean Netherlands
🇧🇷,1f1e7_1f1f7,92,136,69,flag: Brazil
🇧🇸,1f1e7_1f1f8,99,144,115,flag: Bahamas
🇧🇹,1f1e7_1f1f9,142,118,65,flag: Bhutan
🇧🇻,1f1e7_1f1fb,123,99,83,flag: Bouvet Island
🇧🇼,1f1e7_1f1fc,89,142,136,flag: Botswana
🇧🇾,1f1e7_1f1fe,121,105,70,flag: Belarus
🇧🇿,1f1e7_1f1ff,83,99,100,flag: Belize
🇨🇦,1f1e8_1f1e6,140,115,93,flag: Canada
🇨🇨,1f1e8_1f1e8,89,137,63,flag: Cocos (Keeling) Islands
🇨🇩,1f1e8_1f1e9,103,127,112,flag: Congo - Kinshasa
🇨🇫,1f1e8_1f1eb,112,132,92,flag: Central African Republic
🇨🇬,1f1e8_1f1ec,115,115,59,flag: Congo - Brazzaville
🇨🇭,1f1e8_1f1ed,111,109,81,flag: Switzerland
🇨🇮,1f1e8_1f1ee,125,140,92,flag: Côte d’Ivoire
🇨🇰,1f1e8_1f1f0,75,109,116,flag: Cook Islands
🇨🇱,1f1e8_1f1f1,128,117,101,flag: Chile
🇨🇲,1f1e8_1f1f2,120,120,59,flag: Cameroon
🇨🇳,1f1e8_1f1f3,134,84,59,flag: China
🇨🇴,1f1e8_1f1f4,120,116,70,flag: Colombia
🇨🇵,1f1e8_1f1f5,113,118,110,flag: Clipperton Island
🇨🇶,1f1e8_1f1f6,128,128,128,flag: Sark
🇨🇷,1f1e8_1f1f7,118,120,109,flag: Costa Rica
🇨🇺,1f1e8_1f1fa,102,116,112,flag: Cuba
🇨🇻,1f1e8_1f1fb,75,105,110,flag: Cape Verde
🇨🇼,1f1e8_1f1fc,70,106,104,flag: Curaçao
🇨🇽,1f1e8_1f1fd,78,120,86,flag: Christmas Island
🇨🇾,1f1e8_1f1fe,151,169,145,flag: Cyprus
🇨🇿,1f1e8_1f1ff,120,121,109,flag: Czechia
🇩🇪,1f1e9_1f1ea,125,112,60,flag: Germany
🇩🇬,1f1e9_1f1ec,110,136,130,flag: Diego Garcia
🇩🇯,1f1e9_1f1ef,93,142,111,flag: Djibouti
🇩🇰,1f1e9_1f1f0,140,113,91,flag: Denmark
🇩🇲,1f1e9_1f1f2,86,114,77,flag: Dominica
🇩🇴,1f1e9_1f1f4,107,111,102,flag: Dominican Republic
🇩🇿,1f1e9_1f1ff,120,148,107,flag: Algeria
🇪🇦,1f1ea_1f1e6,137,111,57,flag: Ceuta & Melilla
🇪🇨,1f1ea_1f1e8,123,126,72,flag: Ecuador
🇪🇪,1f1ea_1f1ea,96,131,122,flag: Estonia
🇪🇬,1f1ea_1f1ec,128,124,98,flag: Egypt
🇪🇭,1f1ea_1f1ed,108,129,88,flag: Western Sahara
🇪🇷,1f1ea_1f1f7,108,114,81,flag: Eritrea
🇪🇸,1f1ea_1f1f8,137,111,57,flag: Spain
🇪🇹,1f1ea_1f1f9,112,122,67,flag: Ethiopia
🇪🇺,1f1ea_1f1fa,56,99,111,flag: European Union
🇫🇮,1f1eb_1f1ee,120,150,142,flag: Finland
🇫🇯,1f1eb_1f1ef,97,137,134,flag: Fiji
🇫🇰,1f1eb_1f1f0,82,115,120,flag: Falkland Islands
🇫🇲,1f1eb_1f1f2,106,157,152,flag: Micronesia
🇫🇴,1f1eb_1f1f4,134,148,133,flag: Faroe Islands
🇫🇷,1f1eb_1f1f7,113,118,110,flag: France
🇬🇦,1f1ec_1f1e6,105,147,89,flag: Gabon
🇬🇧,1f1ec_1f1e7,119,121,109,flag: United Kingdom
🇬🇩,1f1ec_1f1e9,125,118,60,flag: Grenada
🇬🇪,1f1ec_1f1ea,146,143,122,flag: Georgia
🇬🇫,1f1ec_1f1eb,116,148,62,flag: French Guiana
🇬🇬,1f1ec_1f1ec,149,153,125,flag: Guernsey
🇬🇭,1f1ec_1f1ed,121,126,61,flag: Ghana
🇬🇮,1f1ec_1f1ee,144,140,118,flag: Gibraltar
🇬🇱,1f1ec_1f1f1,143,129,108,flag: Greenland
🇬🇲,1f1ec_1f1f2,98,112,85,flag: Gambia
🇬🇳,1f1ec_1f1f3,122,127,61,flag: Guinea
🇬🇵,1f1ec_1f1f5,72,109,88,flag: Guadeloupe
🇬🇶,1f1ec_1f1f6,108,121,92,flag: Equatorial Guinea
🇬🇷,1f1ec_1f1f7,96,131,132,flag: Greece
🇬🇸,1f1ec_1f1f8,76,108,110,flag: South Georgia & South Sandwich Islands
🇬🇹,1f1ec_1f1f9,119,161,148,flag: Guatemala
🇬🇺,1f1ec_1f1fa,73,97,102,flag: Guam
🇬🇼,1f1ec_1f1fc,121,127,61,flag: Guinea-Bissau
🇬🇾,1f1ec_1f1fe,115,138,72,flag: Guyana
🇭🇰,1f1ed_1f1f0,135,90,67,flag: Hong Kong SAR China
🇭🇲,1f1ed_1f1f2,76,110,117,flag: Heard & McDonald Islands
🇭🇳,1f1ed_1f1f3,105,152,148,flag: Honduras
🇭🇷,1f1ed_1f1f7,109,116,108,flag: Croatia
🇭🇹,1f1ed_1f1f9,96,95,89,flag: Haiti
🇭🇺,1f1ed_1f1fa,122,130,93,flag: Hungary
🇮🇨,1f1ee_1f1e8,129,161,120,flag: Canary Islands
🇮🇩,1f1ee_1f1e9,143,129,108,flag: Indonesia
🇮🇪,1f1ee_1f1ea,125,140,92,flag: Ireland
🇮🇱,1f1ee_1f1f1,128,156,146,flag: Israel
🇮🇲,1f1ee_1f1f2,135,89,64,flag: Isle of Man
🇮🇳,1f1ee_1f1f3,121,137,91,flag: India
🇮🇴,1f1ee_1f1f4,112,137,131,flag: British Indian Ocean Territory
🇮🇶,1f1ee_1f1f6,124,123,96,flag: Iraq
🇮🇷,1f1ee_1f1f7,122,128,91,flag: Iran
🇮🇸,1f1ee_1f1f8,82,107,111,flag: Iceland
🇮🇹,1f1ee_1f1f9,122,130,93,flag: Italy
🇯🇪,1f1ef_1f1ea,148,148,126,flag: Jersey
🇯🇲,1f1ef_1f1f2,117,147,63,flag: Jamaica
🇯🇴,1f1ef_1f1f4,109,132,92,flag: Jordan
🇯🇵,1f1ef_1f1f5,151,165,145,flag: Japan
🇰🇪,1f1f0_1f1ea,103,116,75,flag: Kenya
🇰🇬,1f1f0_1f1ec,135,89,58,flag: Kyrgyzstan
🇰🇭,1f1f0_1f1ed,94,97,94,flag: Cambodia
🇰🇮,1f1f0_1f1ee,126,106,82,flag: Kiribati
🇰🇲,1f1f0_1f1f2,111,127,89,flag: Comoros
🇰🇳,1f1f0_1f1f3,106,112,63,flag: St. Kitts & Nevis
🇰🇵,1f1f0_1f1f5,116,98,85,flag: North Korea
🇰🇷,1f1f0_1f1f7,142,162,144,flag: South Korea
🇰🇼,1f1f0_1f1fc,128,133,89,flag: Kuwait
🇰🇾,1f1f0_1f1fe,75,108,112,flag: Cayman Islands
🇰🇿,1f1f0_1f1ff,93,145,131,flag: Kazakhstan
🇱🇦,1f1f1_1f1e6,90,100,100,flag: Laos
🇱🇧,1f1f1_1f1e7,139,140,114,flag: Lebanon
🇱🇨,1f1f1_1f1e8,92,144,134,flag: St. Lucia
🇱🇮,1f1f1_1f1ee,96,92,84,flag: Liechtenstein
🇱🇰,1f1f1_1f1f0,133,112,57,flag: Sri Lanka
🇱🇷,1f1f1_1f1f7,132,121,103,flag: Liberia
🇱🇸,1f1f1_1f1f8,93,133,109,flag: Lesotho
🇱🇹,1f1f1_1f1f9,120,119,59,flag: Lithuania
🇱🇺,1f1f1_1f1fa,123,133,120,flag: Luxembourg
🇱🇻,1f1f1_1f1fb,106,97,84,flag: Latvia
🇱🇾,1f1f1_1f1fe,100,109,66,flag: Libya
🇲🇦,1f1f2_1f1e6,130,86,59,flag: Morocco
🇲🇨,1f1f2_1f1e8,143,129,108,flag: Monaco
🇲🇩,1f1f2_1f1e9,107,109,78,flag: Moldova
🇲🇪,1f1f2_1f1ea,133,88,59,flag: Montenegro
🇲🇫,1f1f2_1f1eb,113,118,110,flag: St. Martin
🇲🇬,1f1f2_1f1ec,122,130,93,flag: Madagascar
🇲🇭,1f1f2_1f1ed,75,112,114,flag: Marshall Islands
🇲🇰,1f1f2_1f1f0,138,104,57,flag: North Macedonia
🇲🇱,1f1f2_1f1f1,122,127,61,flag: Mali
🇲🇲,1f1f2_1f1f2,124,122,65,flag: Myanmar (Burma)
🇲🇳,1f1f2_1f1f3,108,94,77,flag: Mongolia
🇲🇴,1f1f2_1f1f4,62,115,81,flag: Macao SAR China
🇲🇵,1f1f2_1f1f5,91,143,141,flag: Northern Mariana Islands
🇲🇶,1f1f2_1f1f6,92,128,130,flag: Martinique
🇲🇷,1f1f2_1f1f7,100,117,62,flag: Mauritania
🇲🇸,1f1f2_1f1f8,76,108,114,flag: Montserrat
🇲🇹,1f1f2_1f1f9,143,128,106,flag: Malta
🇲🇺,1f1f2_1f1fa,104,120,74,flag: Mauritius
🇲🇻,1f1f2_1f1fb,113,104,63,flag: Maldives
🇲🇼,1f1f2_1f1fc,100,107,64,flag: Malawi
🇲🇽,1f1f2_1f1fd,120,128,89,flag: Mexico
🇲🇾,1f1f2_1f1fe,125,121,103,flag: Malaysia
🇲🇿,1f1f2_1f1ff,107,129,76,flag: Mozambique
🇳🇦,1f1f3_1f1e6,96,116,87,flag: Namibia
🇳🇨,1f1f3_1f1e8,94,116,76,flag: New Caledonia
🇳🇪,1f1f3_1f1ea,125,138,89,flag: Niger
🇳🇫,1f1f3_1f1eb,75,124,94,flag: Norfolk Island
🇳🇬,1f1f3_1f1ec,84,130,101,flag: Nigeria
🇳🇮,1f1f3_1f1ee,105,153,147,flag: Nicaragua
🇳🇱,1f1f3_1f1f1,113,118,110,flag: Netherlands
🇳🇴,1f1f3_1f1f4,123,99,83,flag: Norway
🇳🇵,1f1f3_1f1f5,82,107,81,flag: Nepal
🇳🇷,1f1f3_1f1f7,59,101,111,flag: Nauru
🇳🇺,1f1f3_1f1fa,145,158,74,flag: Niue
🇳🇿,1f1f3_1f1ff,74,107,114,flag: New Zealand
🇴🇲,1f1f4_1f1f2,125,120,86,flag: Oman
🇵🇦,1f1f5_1f1e6,122,131,120,flag: Panama
🇵🇪,1f1f5_1f1ea,140,113,91,flag: Peru
🇵🇫,1f1f5_1f1eb,142,131,108,flag: French Polynesia
🇵🇬,1f1f5_1f1ec,113,100,67,flag: Papua New Guinea
🇵🇭,1f1f5_1f1ed,109,112,103,flag: Philippines
🇵🇰,1f1f5_1f1f0,92,135,107,flag: Pakistan
🇵🇱,1f1f5_1f1f1,143,129,108,flag: Poland
🇵🇲,1f1f5_1f1f2,114,140,115,flag: St. Pierre & Miquelon
🇵🇳,1f1f5_1f1f3,77,111,113,flag: Pitcairn Islands
🇵🇷,1f1f5_1f1f7,127,115,99,flag: Puerto Rico
🇵🇸,1f1f5_1f1f8,109,131,90,flag: Palestinian Territories
🇵🇹,1f1f5_1f1f9,122,106,65,flag: Portugal
🇵🇼,1f1f5_1f1fc,94,146,130,flag: Palau
🇵🇾,1f1f5_1f1fe,112,118,108,flag: Paraguay
🇶🇦,1f1f6_1f1e6,110,103,90,flag: Qatar
🇷🇪,1f1f7_1f1ea,95,104,85,flag: Réunion
🇷🇴,1f1f7_1f1f4,111,107,75,flag: Romania
🇷🇸,1f1f7_1f1f8,121,121,107,flag: Serbia
🇷🇺,1f1f7_1f1fa,113,118,110,flag: Russia
🇷🇼,1f1f7_1f1fc,101,146,101,flag: Rwanda
🇸🇦,1f1f8_1f1e6,87,137,73,flag: Saudi Arabia
🇸🇧,1f1f8_1f1e7,86,128,85,flag: Solomon Islands
🇸🇨,1f1f8_1f1e8,115,118,84,flag: Seychelles
🇸🇩,1f1f8_1f1e9,117,123,90,flag: Sudan
🇸🇪,1f1f8_1f1ea,85,120,96,flag: Sweden
🇸🇬,1f1f8_1f1ec,144,131,110,flag: Singapore
🇸🇭,1f1f8_1f1ed,76,108,111,flag: St. Helena
🇸🇮,1f1f8_1f1ee,112,116,106,flag: Slovenia
🇸🇯,1f1f8_1f1ef,123,99,83,flag: Svalbard & Jan Mayen
🇸🇰,1f1f8_1f1f0,118,120,109,flag: Slovakia
🇸🇱,1f1f8_1f1f1,118,157,122,flag: Sierra Leone
🇸🇲,1f1f8_1f1f2,117,155,139,flag: San Marino
🇸🇳,1f1f8_1f1f3,119,126,61,flag: Senegal
🇸🇴,1f1f8_1f1f4,85,142,145,flag: Somalia
🇸🇷,1f1f8_1f1f7,127,118,82,flag: Suriname
🇸🇸,1f1f8_1f1f8,90,111,78,flag: South Sudan
🇸🇹,1f1f8_1f1f9,128,143,62,flag: São Tomé & Príncipe
🇸🇻,1f1f8_1f1fb,85,123,125,flag: El Salvador
🇸🇽,1f1f8_1f1fd,102,102,95,flag: Sint Maarten
🇸🇾,1f1f8_1f1fe,126,124,99,flag: Syria
🇸🇿,1f1f8_1f1ff,102,102,87,flag: Eswatini
🇹🇦,1f1f9_1f1e6,76,108,111,flag: Tristan da Cunha
🇹🇨,1f1f9_1f1e8,80,111,110,flag: Turks & Caicos Islands
🇹🇩,1f1f9_1f1e9,111,107,75,flag: Chad
🇹🇫,1f1f9_1f1eb,73,107,115,flag: French Southern Territories
🇹🇬,1f1f9_1f1ec,115,134,63,flag: Togo
🇹🇭,1f1f9_1f1ed,115,129,120,flag: Thailand
🇹🇯,1f1f9_1f1ef,122,130,91,flag: Tajikistan
🇹🇰,1f1f9_1f1f0,77,110,100,flag: Tokelau
🇹🇱,1f1f9_1f1f1,128,92,60,flag: Timor-Leste
🇹🇲,1f1f9_1f1f2,69,104,74,flag: Turkmenistan
🇹🇳,1f1f9_1f1f3,135,89,66,flag: Tunisia
🇹🇴,1f1f9_1f1f4,138,102,80,flag: Tonga
🇹🇷,1f1f9_1f1f7,135,92,69,flag: Türkiye
🇹🇹,1f1f9_1f1f9,126,89,65,flag: Trinidad & Tobago
🇹🇻,1f1f9_1f1fb,112,148,137,flag: Tuvalu
🇹🇼,1f1f9_1f1fc,115,89,75,flag: Taiwan
🇹🇿,1f1f9_1f1ff,83,133,97,flag: Tanzania
🇺🇦,1f1fa_1f1e6,117,154,102,flag: Ukraine
🇺🇬,1f1fa_1f1ec,126,115,64,flag: Uganda
🇺🇲,1f1fa_1f1f2,123,122,109,flag: U.S. Outlying Islands
🇺🇳,1f1fa_1f1f3,98,149,147,flag: United Nations
🇺🇸,1f1fa_1f1f8,123,122,109,flag: United States
🇺🇾,1f1fa_1f1fe,116,146,138,flag: Uruguay
🇺🇿,1f1fa_1f1ff,120,151,115,flag: Uzbekistan
🇻🇦,1f1fb_1f1e6,118,145,92,flag: Vatican City
🇻🇨,1f1fb_1f1e8,92,130,79,flag: St. Vincent & Grenadines
🇻🇪,1f1fb_1f1ea,112,108,76,flag: Venezuela
🇻🇬,1f1fb_1f1ec,69,105,109,flag: British Virgin Islands
🇻🇮,1f1fb_1f1ee,141,162,128,flag: U.S. Virgin Islands
🇻🇳,1f1fb_1f1f3,135,88,58,flag: Vietnam
🇻🇺,1f1fb_1f1fa,103,109,62,flag: Vanuatu
🇼🇫,1f1fc_1f1eb,129,97,77,flag: Wallis & Futuna
🇼🇸,1f1fc_1f1f8,113,88,76,flag: Samoa
🇽🇰,1f1fd_1f1f0,67,105,108,flag: Kosovo
🇾🇪,1f1fe_1f1ea,128,125,101,flag: Yemen
🇾🇹,1f1fe_1f1f9,141,157,139,flag: Mayotte
🇿🇦,1f1ff_1f1e6,97,115,86,flag: South Africa
🇿🇲,1f1ff_1f1f2,86,130,63,flag: Zambia
🇿🇼,1f1ff_1f1fc,119,126,71,flag: Zimbabwe
🏴󠁧󠁢󠁥󠁮󠁧󠁿,1f3f4_e0067_e0062_e0065_e006e_e0067_e007f,147,145,125,flag: England
🏴󠁧󠁢󠁳󠁣󠁴󠁿,1f3f4_e0067_e0062_e0073_e0063_e0074_e007f,94,129,131,flag: Scotland
🏴󠁧󠁢󠁷󠁬󠁳󠁿,1f3f4_e0067_e0062_e0077_e006c_e0073_e007f,123,127,90,flag: Wales
,e000,100,118,67,goldfish
,e001,96,126,99,donkey
,e002,91,108,73,poppy
,e003,83,110,71,doe
,e004,69,104,73,spouting-orca
,e006,82,119,86,narwhal
,e007,85,120,89,beluga
,e008,82,117,86,porpoise
,e009,88,120,92,pigeon
,e010,81,120,85,macaw
,e011,78,121,95,microbe
,e040,75,123,106,Twitter
,e041,94,106,73,pinterest
,e042,93,144,143,facebook
,e043,135,159,138,instagram
,e044,137,103,75,youtube
,e045,138,159,140,github
,e046,89,141,140,linkedin
,e047,102,138,67,android
,e048,99,115,86,musicbrainz
,e049,97,115,76,openfoodfact
,e04a,104,134,79,openstreetmap
,e04b,120,139,115,wikidata
,e04c,128,128,128,dotnet
,e04d,128,128,128,golang
,e04e,128,128,128,kotlin
,e04f,128,128,128,ruby
,e050,113,109,80,Firefox
,e051,100,149,146,Safari
,e052,98,98,68,Opera
,e053,91,145,144,Chromium
,e054,130,133,74,Chrome
,e055,79,120,112,Netscape Navigator
,e056,80,125,107,Internet Explorer
,e057,87,137,132,Edge
,e058,92,129,69,iNaturalist
,e059,104,110,68,gitlab
,e05a,83,130,121,mastodon
,e05b,82,113,79,peertube
,e05c,125,135,102,pixelfed
,e05d,77,129,121,signal
,e05e,114,146,70,element
,e05f,83,120,97,jellyfin
,e060,137,118,94,reddit
,e061,95,118,104,discord
,e062,96,144,138,c
,e063,98,146,139,cplusplus
,e064,110,124,122,csharp
,e065,147,152,56,chrome canary
,e066,74,122,117,firefox developer
,e067,98,120,105,firefox nightly
,e068,142,159,62,javascript
,e069,99,149,142,typescript
,e06a,109,125,120,webassembly
,e06b,99,124,80,svg
,e06c,99,132,103,markdown
,e06d,95,123,96,winrar
,e06e,128,128,128,facetime
,e06f,128,128,128,ecosia browser
,e070,128,128,128,bluesky
,e0ff,135,115,90,ubuntu
,f000,77,128,116,windows
,f77a,81,124,100,artstation
,f8ff,99,120,80,apple
,e2c0,87,141,138,iceberg
,e2c1,143,189,200,floating ice
,e2c2,141,187,199,floating ice broken
,e2c3,116,132,113,polar research station
,e2c4,79,109,75,ice core sample
,e2c6,126,159,142,ice shelf
,e2c7,125,157,141,ice shelf melting
,e2c8,112,125,96,polar explorer
,e2c9,80,106,73,polar explorer man
,e2ca,80,106,73,polar explorer woman
,e2cb,92,122,95,oil spill
,e2cc,84,118,89,exhaust gases factory
,e2cd,79,119,82,solar energy
,e2ce,87,109,77,meat consumption
,e2cf,76,112,81,exhaust gases car
,e2d0,77,129,117,sea level rise
,e2d1,76,115,83,wind energy
,e2d2,89,112,70,reusable bag
,e2d3,109,132,65,radioactive waste
,e2d4,114,140,116,nuclear power plant
,e2d5,91,123,94,nuclear power plant ruin
,e2d6,114,125,76,geiger counter
,e2d7,81,113,74,nuclear worker man
,e2d8,81,113,74,nuclear worker woman
,e2d9,91,119,81,nuclear protection
,e2da,87,122,91,atom bomb
,e080,87,115,81,assembly point
,e081,94,128,75,assembly group
,e082,80,120,82,authority instruction
,e083,94,125,79,help others
,e084,110,134,94,drop cover hold
,e085,95,127,72,evacuate
,e086,84,119,81,evacuate vertical
,e087,82,117,80,evacuate downstairs
,e088,77,117,79,evacuate to shelter
,e089,97,123,68,structural fire
,e08a,100,127,67,wild fire
,e08b,104,127,66,evacuate fire
,e08c,90,120,79,warning tsunami
,e08d,102,130,75,warning volcano
,e08e,107,133,67,warning fire
,e08f,83,126,75,authority
,e090,101,105,73,first aid
,e091,89,122,88,flagged point
,e092,105,136,113,flagged building
,e093,93,123,97,authority building
,e094,77,106,71,signpost
,e095,90,114,74,mobile info
,e096,91,115,74,mobile message
,e097,100,132,101,charge plug
,e098,110,143,118,shelter
,e099,87,115,90,volcano eruption
,e09a,108,132,111,volcano ashes
,e09b,90,117,93,tsunami
,e09c,87,109,78,earthquake
,e09e,110,138,113,avalanche
,e09f,103,133,116,flood
,e0a0,81,111,79,north
,e0a1,78,116,82,transmission
,e0a2,146,162,61,sos stencil
,e0a3,115,150,64,ok stencil
,e0a4,139,101,73,no stencil
,e0a5,94,125,70,warning strip
,e0a6,97,127,69,warning strip right
,e0a7,68,105,73,arrow turn right
,e0a8,118,138,116,emergency exit door
,e0a9,97,104,74,location indicator red
,e0aa,95,116,72,electric plug red
,e0ab,137,158,117,timer
,e0ac,94,129,90,person with medical mask
‍♀️,e0ac_200d_2640_fe0f,107,133,85,woman with medical mask
‍♂️,e0ac_200d_2642_fe0f,94,129,90,man with medical mask
,e0ad,101,133,85,person sneezing into elbow
‍♀️,e0ad_200d_2640_fe0f,108,136,82,woman sneezing into elbow
‍♂️,e0ad_200d_2642_fe0f,101,134,85,man sneezing into elbow
,e0ae,95,133,114,disinfect surface
,e0af,83,116,74,quarantine
,e0b0,78,115,72,social distancing
,e0b1,80,116,85,sanitizer spray
,e0b2,91,124,77,wash hands
,e0b3,84,115,82,temperature taking
,e0b4,79,122,98,medical gloves
🏳‍🟦‍🟩‍🟨,1f3f3_200d_1f7e6_200d_1f7e9_200d_1f7e8,128,128,128,berber flag
🏳️‍📌‍⚙️,1f3f3_fe0f_200d_1f4cc_200d_2699_fe0f,115,137,117,nail and gear flag
🏳️‍🟥,1f3f3_fe0f_200d_1f7e5,144,102,73,red flag
🏳️‍🟦,1f3f3_fe0f_200d_1f7e6,104,156,152,blue flag
🏳️‍🟦‍🌌,1f3f3_fe0f_200d_1f7e6_200d_1f30c,67,109,120,united federation of planets flag (star trek)
🏳️‍🟧,1f3f3_fe0f_200d_1f7e7,149,138,71,orange flag
🏳️‍🟨,1f3f3_fe0f_200d_1f7e8,152,167,61,yellow flag
🏳️‍🟩,1f3f3_fe0f_200d_1f7e9,118,153,64,green flag
🏳️‍🟩‍⭐‍🟩,1f3f3_fe0f_200d_1f7e9_200d_2b50_200d_1f7e9,89,138,75,esperanto flag
🏳️‍🟪,1f3f3_fe0f_200d_1f7ea,119,130,131,purple flag
🏳️‍🟫,1f3f3_fe0f_200d_1f7eb,113,116,67,brown flag
🏳️‍🧊‍💎,1f3f3_fe0f_200d_1f9ca_200d_1f48e,128,128,128,true south (antarctica) flag
🏳️‍⬜,1f3f3_fe0f_200d_2b1c,128,128,128,white flag
🏴️‍🅰️,1f3f4_fe0f_200d_1f170_fe0f,110,92,64,red and black flag
🏴️‍🟥,1f3f4_fe0f_200d_1f7e5,128,128,128,deep red flag
🏴️‍🟦,1f3f4_fe0f_200d_1f7e6,128,128,128,deep blue flag
🏴️‍🟧,1f3f4_fe0f_200d_1f7e7,128,128,128,deep orange flag
🏴️‍🟨,1f3f4_fe0f_200d_1f7e8,128,128,128,deep yellow flag
🏴️‍🟩,1f3f4_fe0f_200d_1f7e9,128,128,128,deep green flag
🏴️‍🟩‍⭐,1f3f4_fe0f_200d_1f7e9_200d_2b50,128,128,128,browncoat flag
🏴️‍🟪,1f3f4_fe0f_200d_1f7ea,128,128,128,deep purple flag
🏴️‍🟫,1f3f4_fe0f_200d_1f7eb,128,128,128,deep brown flag
,e0c0,129,121,57,half orange fruit
,e0c1,95,125,69,maultasche
,e0c2,117,133,100,lentils with spaetzle
,e0c3,87,116,80,pretzel
,e0c4,118,106,81,pomegranate
,e0c5,89,116,82,latte macchiato
,e0c6,93,109,68,roasted coffee bean
,e0c7,115,137,70,cake
,e0c8,94,113,75,champignon brown
,e0c9,114,142,116,champignon white
,e0ca,83,99,66,boule bread
,e0cb,77,121,94,glass bottle
,e0cc,81,126,102,plastic bottle
,e340,88,121,73,gardener man
,e341,94,121,72,gardener woman
,e342,86,125,73,gardening gloves
,e343,80,118,78,lawn mower
,e344,72,115,72,wheelbarrow
,e345,76,113,78,spade
,e346,76,113,79,trowel
,e347,83,115,81,axe
,e348,86,119,86,saw
,e300,93,124,82,female doctor
,e301,92,123,82,male doctor
,e302,96,127,85,female nurse
,e303,95,126,85,male nurse
,e305,91,134,120,pills
,e306,91,117,73,plaster
,e307,96,136,123,medication
,e308,71,112,76,ecg waves
,e309,110,133,108,first aid bag
,e30a,91,123,93,patient file
,e30b,102,128,98,patient clipboard
,e30c,85,124,94,saline drip
,e30d,87,108,76,blood transfusion
,e30e,72,112,77,swab pliers
,e30f,77,124,105,hot-water bottle
,e312,79,107,73,liver
,e313,94,117,90,stomach
,e314,90,111,84,large intestine
,e315,77,109,71,intestine
,e316,89,101,70,kidney
,e318,75,114,79,forceps
,e319,97,117,91,brain
,e31a,101,134,105,bed linen
,e31b,86,122,90,bandage change
,e31c,86,117,84,eye pain
,e31d,90,120,90,headache
,e31e,94,122,94,earache
,e31f,90,119,90,fracture leg
,e320,89,117,88,knee pain
,e321,106,134,113,backache
,e322,84,116,84,joint pain
,e324,72,113,79,clinical thermometer
,e325,71,111,76,bandage scissors
,e326,83,120,88,crutches
,e327,77,112,79,wheel chair
,e328,72,114,81,stretcher
,e329,71,113,78,ct scan
,e32b,86,130,108,scales
,e100,113,140,74,tap
,e101,108,136,68,double tap
,e102,113,139,70,three finger operation
,e103,81,117,85,move
,e104,85,120,89,scroll
,e105,97,129,71,swipe
,e106,85,120,89,scroll horizontal
,e107,98,130,101,page move
,e108,96,129,71,swipe left
,e109,96,128,71,swipe up
,e10a,96,128,71,swipe right
,e10b,96,128,71,swipe down
,e10c,95,126,71,finger pushing button
,e10d,94,124,97,exit
,e140,107,132,106,first aid kit
,e141,77,130,120,armchair
,e142,97,142,112,picture
,e143,90,110,76,lighter
,e144,136,158,138,outlet
,e145,99,128,102,guy fawkes mask
,e146,73,111,76,spätzlepresse
,e147,125,146,127,european name badge
,e148,81,115,75,kehrwoche
,e149,67,107,90,tardis
,e14a,91,93,66,motorbike helmet
,e150,104,128,104,espresso machine
,e151,89,112,76,french press
,e152,81,113,85,moka pot
,e153,102,128,104,milk jug
,e154,89,121,92,electric coffee percolator
,e155,125,150,126,drip coffee maker
,e156,84,115,79,coffee grinder
,e157,95,121,90,horse jumping hurdle
👨‍🪩,1f468_200d_1faa9,85,120,76,dj man
👩‍🪩,1f469_200d_1faa9,84,120,77,dj woman
🧑‍🪩,1f9d1_200d_1faa9,85,120,76,dj
,e181,95,127,74,drunk person
,e182,96,125,78,person with dog
,e183,89,115,73,trump
,e184,88,113,69,horse riding
,e185,85,117,73,barista
,e186,87,117,72,man barista
,e187,87,114,71,woman barista
,e188,94,123,78,Greta Thunberg
,e189,99,118,84,windsurfing
,e420,128,128,128,pride
,e421,128,128,128,lesbian
,e422,128,128,128,gay
,e423,128,128,128,bisexual
,e424,128,128,128,pansexual
,e425,128,128,128,asexual
,e426,128,128,128,demisexual
,e427,128,128,128,greysexual
,e428,128,128,128,polysexual
,e429,128,128,128,aroace
,e42a,128,128,128,aromantic
,e42b,128,128,128,polyamory
,e42c,128,128,128,bdsm rights
,e42d,128,128,128,intersex
,e42e,128,128,128,nonbinary
,e42f,128,128,128,genderfluid
,e430,128,128,128,genderqueer
,e431,128,128,128,agender
,e432,128,128,128,demigirl
,e433,128,128,128,demiboy
,e434,128,128,128,demigender
,e435,128,128,128,bigender
,e280,120,144,66,exhausted face
,e281,120,144,65,incredulous face
,e282,124,147,65,dejected face
,e283,121,142,65,annoyed face with tongue
🯆‍👗,1fbc6_200d_1f457,79,118,84,stick figure with dress and arms raised
🯇‍👗,1fbc7_200d_1f457,81,119,86,stick figure with dress leaning left
🯈‍👗,1fbc8_200d_1f457,81,119,86,stick figure with dress leaning right
⬡️‍🌈,2b21_fe0f_200d_1f308,123,142,86,rainbow hexagon
⬡️‍🟥,2b21_fe0f_200d_1f7e5,134,101,72,red hexagon
⬡️‍🟦,2b21_fe0f_200d_1f7e6,99,149,141,blue hexagon
⬡️‍🟧,2b21_fe0f_200d_1f7e7,138,133,70,orange hexagon
⬡️‍🟨,2b21_fe0f_200d_1f7e8,142,159,61,yellow hexagon
⬡️‍🟩,2b21_fe0f_200d_1f7e9,112,147,65,green hexagon
⬡️‍🟪,2b21_fe0f_200d_1f7ea,112,126,124,purple hexagon
⬡️‍🟫,2b21_fe0f_200d_1f7eb,107,114,67,brown hexagon
,e380,141,137,100,no handshaking
,e381,134,139,72,web syndication
◉️‍🔴,25c9_fe0f_200d_1f534,145,110,77,red eye
◉️‍🔴‍▮️,25c9_fe0f_200d_1f534_200d_25ae_fe0f,78,107,78,HAL 9000
,e1c0,96,123,99,wireframes
,e1c1,115,141,118,code editor
,e1c2,95,110,80,autonomous car
,e1c3,81,118,85,switch
,e1c4,78,115,82,surveillance
,e1c6,120,144,123,augmented reality
,e1c7,82,127,106,led
,e1c8,94,122,97,motor
,e1c9,115,105,67,raspberry pi
,e1ca,115,139,72,virtual reality
,e1cb,71,112,76,cable
,e1cc,93,114,95,tablet
,e1cd,86,117,89,gps
,e1ce,77,111,82,smartwatch
,e1cf,107,136,113,washing machine
,e1d0,71,111,76,ibeacon
,e1d1,89,118,92,keyboard
,e1d2,114,142,117,drone
,e1d3,101,142,65,arduino
,e1d4,79,109,74,wire
,e1d5,90,125,93,potentiometer
,e1d6,87,136,121,solar cell
,e1d7,80,114,81,circuit
,e1d8,125,151,128,qr code
,e1d9,115,145,119,barcode
,e1da,128,128,128,ai hand
,e200,77,109,72,cafeteria
,e201,78,116,74,emergency exit
,e202,84,119,88,stairway
,e203,109,140,113,town
,e204,98,132,102,elevator
,e205,78,115,80,eiffel tower
,e206,80,137,138,parking garage
,e207,99,129,72,schwäbisch gmünd forum gold und silber
,e208,84,118,88,schwäbisch gmünd fünfknopfturm
,e209,85,111,83,schwäbisch gmünd ratshaus
,e20a,74,113,76,stuttgart fernsehturm
,e20b,100,128,97,space shuttle
,e20c,104,123,97,viennese coffee house
,e20d,97,104,66,black hole
,e20e,104,134,108,foggy mountain
,e20f,94,116,71,great pyramid of giza
,e210,81,115,78,colossus of rhodes
,e211,87,120,86,hanging gardens of babylon
,e212,80,118,90,lighthouse of alexandria
,e213,90,122,94,mausoleum at halicarnassus
,e214,87,121,79,statue of zeus at olympia
,e215,81,116,85,temple of artemis at ephesus
,e216,85,119,89,moai
,e240,97,130,101,mark
,e241,92,119,88,toggle button
,e242,100,131,104,location indicator
,e243,71,112,76,scale
,e244,73,112,77,locomotion
,e245,87,124,87,toggle button state B
,e246,89,122,86,people dialogue
,e247,107,134,111,safety
,e248,95,126,98,chats
,e249,77,116,74,collaboration
,e24a,110,137,67,interview
,e24b,120,142,65,intricate
,e24c,137,152,62,simple
,e24d,71,112,76,return
,e24e,71,112,76,close
,e24f,71,112,76,forward
,e250,71,112,76,hamburger menu
,e251,71,112,76,upload
,e252,71,112,76,download
,e253,71,112,76,share
,e254,75,112,80,wifi
,e255,123,150,126,copy
,e256,145,141,53,contacts
,e257,101,129,68,filter
,e258,101,134,105,cursor
,e259,106,134,109,details
,e25a,107,136,68,hold
,e25b,129,155,132,duplicate
,e25c,84,121,89,save
,e25d,127,152,128,edit
,e25e,105,134,108,home button
,e25f,101,137,67,add button
,e260,88,112,71,archive
,e261,87,123,92,overview
,e262,108,140,112,delete
,e263,111,138,67,comment
,e264,78,115,82,more information
,e265,83,121,87,sort
,e266,101,134,105,inbox
,e267,119,141,71,compose
,e268,105,130,77,add contact
,e269,86,122,90,link
🫙‍🟥,1fad9_200d_1f7e5,126,124,97,jar with red content
🫙‍🟦,1fad9_200d_1f7e6,108,148,132,jar with blue content
🫙‍🟧,1fad9_200d_1f7e7,128,139,96,jar with orange content
🫙‍🟨,1fad9_200d_1f7e8,130,151,93,jar with yellow content
🫙‍🟩,1fad9_200d_1f7e9,113,146,95,jar with green content
🫙‍🟪,1fad9_200d_1f7ea,115,136,122,jar with purple content
🫙‍🟫,1fad9_200d_1f7eb,111,129,96,jar with brown content
🇦,1f1e6,148,170,151,regional indicator A
🇧,1f1e7,145,168,148,regional indicator B
🇨,1f1e8,150,172,153,regional indicator C
🇩,1f1e9,148,171,151,regional indicator D
🇪,1f1ea,150,173,153,regional indicator E
🇫,1f1eb,152,174,154,regional indicator F
🇬,1f1ec,148,169,150,regional indicator G
🇭,1f1ed,150,172,153,regional indicator H
🇮,1f1ee,154,176,157,regional indicator I
🇯,1f1ef,152,174,155,regional indicator J
🇰,1f1f0,148,170,151,regional indicator K
🇱,1f1f1,153,175,156,regional indicator L
🇲,1f1f2,145,168,148,regional indicator M
🇳,1f1f3,148,170,150,regional indicator N
🇴,1f1f4,148,171,151,regional indicator O
🇵,1f1f5,149,171,152,regional indicator P
🇶,1f1f6,147,170,150,regional indicator Q
🇷,1f1f7,147,169,150,regional indicator R
🇸,1f1f8,148,170,151,regional indicator S
🇹,1f1f9,153,175,155,regional indicator T
🇺,1f1fa,150,172,153,regional indicator U
🇻,1f1fb,150,172,153,regional indicator V
🇼,1f1fc,143,166,146,regional indicator W
🇽,1f1fd,149,171,152,regional indicator X
🇾,1f1fe,151,173,154,regional indicator Y
🇿,1f1ff,150,172,153,regional indicator Z
🏴󠁣󠁡󠁯󠁮󠁿,1f3f4_e0063_e0061_e006f_e006e_e007f,128,128,128,ontario flag
🏴󠁣󠁡󠁱󠁣󠁿,1f3f4_e0063_e0061_e0071_e0063_e007f,94,130,131,quebec flag
🏴󠁤󠁥󠁢󠁥󠁿,1f3f4_e0064_e0065_e0062_e0065_e007f,140,134,112,berlin flag
🏴󠁤󠁥󠁢󠁹󠁿,1f3f4_e0064_e0065_e0062_e0079_e007f,118,159,150,bavaria flag
🏴󠁥󠁳󠁡󠁮󠁿,1f3f4_e0065_e0073_e0061_e006e_e007f,128,128,128,andalusia flag
🏴󠁥󠁳󠁡󠁲󠁿,1f3f4_e0065_e0073_e0061_e0072_e007f,139,117,58,aragon flag
🏴󠁥󠁳󠁡󠁳󠁿,1f3f4_e0065_e0073_e0061_e0073_e007f,58,101,110,asturian flag
🏴󠁥󠁳󠁣󠁢󠁿,1f3f4_e0065_e0073_e0063_e0062_e007f,128,128,128,cantabria flag
🏴󠁥󠁳󠁣󠁥󠁿,1f3f4_e0065_e0073_e0063_e0065_e007f,128,128,128,ceuta flag
🏴󠁥󠁳󠁣󠁬󠁿,1f3f4_e0065_e0073_e0063_e006c_e007f,128,128,128,castile and le�n flag
🏴󠁥󠁳󠁣󠁭󠁿,1f3f4_e0065_e0073_e0063_e006d_e007f,128,128,128,castile-la mancha flag
🏴󠁥󠁳󠁣󠁮󠁿,1f3f4_e0065_e0073_e0063_e006e_e007f,128,128,128,canary islands flag
🏴󠁥󠁳󠁣󠁴󠁿,1f3f4_e0065_e0073_e0063_e0074_e007f,141,115,56,catalonia flag
🏴󠁥󠁳󠁥󠁸󠁿,1f3f4_e0065_e0073_e0065_e0078_e007f,128,128,128,extremadura flag
🏴󠁥󠁳󠁧󠁡󠁿,1f3f4_e0065_e0073_e0067_e0061_e007f,128,128,128,galicia flag
🏴󠁥󠁳󠁩󠁢󠁿,1f3f4_e0065_e0073_e0069_e0062_e007f,126,117,74,balearic islands flag
🏴󠁥󠁳󠁭󠁣󠁿,1f3f4_e0065_e0073_e006d_e0063_e007f,96,80,64,murcia flag
🏴󠁥󠁳󠁭󠁤󠁿,1f3f4_e0065_e0073_e006d_e0064_e007f,128,128,128,madrid autonomous community flag
🏴󠁥󠁳󠁭󠁬󠁿,1f3f4_e0065_e0073_e006d_e006c_e007f,128,128,128,melilla flag
🏴󠁥󠁳󠁮󠁣󠁿,1f3f4_e0065_e0073_e006e_e0063_e007f,128,128,128,navarra chartered community
🏴󠁥󠁳󠁰󠁶󠁿,1f3f4_e0065_e0073_e0070_e0076_e007f,122,121,85,basque flag
🏴󠁥󠁳󠁲󠁩󠁿,1f3f4_e0065_e0073_e0072_e0069_e007f,128,128,128,la rioja flag
🏴󠁥󠁳󠁶󠁣󠁿,1f3f4_e0065_e0073_e0076_e0063_e007f,128,114,66,valencian community flag
🏴󠁦󠁲󠁢󠁲󠁥󠁿,1f3f4_e0066_e0072_e0062_e0072_e0065_e007f,130,157,133,bretagne flag
🏴󠁩󠁴󠁢󠁡󠁿,1f3f4_e0069_e0074_e0062_e0061_e007f,128,128,128,bari flag
🏴󠁭󠁸󠁱󠁵󠁥󠁿,1f3f4_e006d_e0078_e0071_e0075_e0065_e007f,128,128,128,queretaro flag
🏴󠁭󠁸󠁹󠁵󠁣󠁿,1f3f4_e006d_e0078_e0079_e0075_e0063_e007f,128,128,128,yucatan flag
🏴󠁵󠁳󠁡󠁬󠁿,1f3f4_e0075_e0073_e0061_e006c_e007f,128,128,128,alabama flag
🏴󠁵󠁳󠁣󠁡󠁿,1f3f4_e0075_e0073_e0063_e0061_e007f,144,153,126,california flag
🏴󠁵󠁳󠁣󠁯󠁿,1f3f4_e0075_e0073_e0063_e006f_e007f,128,128,128,colorado flag
🏴󠁵󠁳󠁤󠁣󠁿,1f3f4_e0075_e0073_e0064_e0063_e007f,128,128,128,washington dc flag
🏴󠁵󠁳󠁴󠁸󠁿,1f3f4_e0075_e0073_e0074_e0078_e007f,118,122,111,texas flag
-,002d,70,108,75,hyphen-minus
🄍,1f10d,124,150,127,circled zero with slash
🄎,1f10e,125,152,129,circled anticlockwise arrow
🄏,1f10f,128,154,132,circled dollar sign with overlaid backslash
🄯,1f12f,129,155,132,copyleft symbol
🅭,1f16d,130,155,133,circled cc
🅮,1f16e,122,149,126,circled c with overlaid backslash
🅯,1f16f,136,161,139,circled human figure
🉠,1f260,133,99,71,rounded symbol for fu
🉡,1f261,125,98,70,rounded symbol for lu
🉢,1f262,127,98,70,rounded symbol for shou
🉣,1f263,123,98,70,rounded symbol for xi
🉤,1f264,131,100,72,rounded symbol for shuangxi
🉥,1f265,127,99,71,rounded symbol for cai
🐱‍💻,1f431_200d_1f4bb,93,119,87,hacker cat
🯅,1fbc5,74,114,79,stick figure
🯆,1fbc6,71,112,76,stick figure with arms raised
🯇,1fbc7,74,114,78,stick figure leaning left
🯈,1fbc8,74,114,78,stick figure leaning right
🯉,1fbc9,80,118,85,stick figure with dress
⃣,20e3,128,128,128,combining enclosing keycap
℗,2117,129,154,132,sound recording copyright
℠,2120,74,114,79,service mark
⊜,229c,136,160,139,circled equals
⏻,23fb,112,143,116,power symbol
⏼,23fc,110,142,114,power on-off symbol
⏽,23fd,71,112,76,power on symbol
⏾,23fe,79,117,84,power sleep symbol
□,25a1,152,132,126,white square
▬,25ac,67,89,70,black rectangle
▭,25ad,154,176,156,white rectangle
▮,25ae,67,89,70,black vertical rectangle
◉,25c9,101,151,148,fisheye
◐,25d0,110,132,113,circle with left half black
◑,25d1,109,130,112,circle with right half black
◧,25e7,108,132,111,square with left half black
◨,25e8,108,132,111,square with right half black
◩,25e9,106,129,109,square with upper left diagonal black
◪,25ea,106,129,108,square with lower right diagonal black
◭,25ed,89,121,93,up-pointing triangle with left half black
◮,25ee,89,121,93,up-pointing triangle with right half black
★,2605,68,100,72,black star
♔,2654,128,128,128,white chess king
♕,2655,128,128,128,white chess queen
♖,2656,128,128,128,white chess rook
♗,2657,128,128,128,white chess bishop
♘,2658,128,128,128,white chess knight
♙,2659,128,128,128,white chess pawn
♚,265a,128,128,128,black chess king
♛,265b,128,128,128,black chess queen
♜,265c,128,128,128,black chess rook
♝,265d,128,128,128,black chess bishop
♞,265e,128,128,128,black chess knight
⬌,2b0c,68,105,73,left right black arrow
⬍,2b0d,69,105,73,up down black arrow
⬟,2b1f,67,92,70,black pentagon
⬠,2b20,139,164,142,white pentagon
⬡,2b21,146,169,149,white hexagon
⬢,2b22,66,90,69,black hexagon
⬣,2b23,66,91,69,horizontal black hexagon 
⬤,2b24,65,83,67,black large circle
⬮,2b2e,67,94,70,black vertical ellipse
⬯,2b2f,133,159,136,white vertical ellipse
⭘,2b58,71,112,76,heavy circle
⮏,2b8f,68,104,72,anticlockwise triangle-headed top u-shaped arrow
⮺,2bba,132,159,135,overlapping white squares
⮻,2bbb,94,122,98,overlapping white and black squares
⮼,2bbc,68,95,71,overlapping black squares
⯃,2bc3,67,90,70,horizontal black octagon
⯄,2bc4,66,89,69,black octagon
⯪,2bea,86,117,70,star with left half black
⯫,2beb,86,117,70,star with right half black
